-4.996234594046838895e-01,1.004967141530112240e+00,4.967141530112326869e-03
-4.990594861667010385e-01,9.986173569882881296e-01,1.382643011711846576e-03
-4.989614047273270847e-01,1.006476885381006880e+00,6.476885381006924729e-03
-4.983774137380116986e-01,1.015230298564080202e+00,1.523029856408025448e-02
-4.975973913837071771e-01,9.976584662527666625e-01,2.341533747233359632e-03
-4.975531455927583169e-01,9.976586304305081754e-01,2.341369569491805538e-03
-4.955499672583741910e-01,1.015792128155073915e+00,1.579212815507391454e-02
-4.925986034857411378e-01,1.007674347291529049e+00,7.674347291529087962e-03
-4.912570024653472034e-01,9.953052561406504628e-01,4.694743859349521584e-03
-4.859892285368541121e-01,1.005425600435859712e+00,5.425600435859647026e-03
-4.857866981044367538e-01,9.953658230718753774e-01,4.634176928124622563e-03
-4.843297214779869186e-01,9.953427024642974574e-01,4.657297535702568589e-03
-4.841263501128357793e-01,1.002419622715660319e+00,2.419622715660341063e-03
-4.830831557944343935e-01,9.808671975534219989e-01,1.913280244657798029e-02
-4.809786338494093094e-01,9.827508216748697123e-01,1.724917832513032934e-02
-4.809288417700710028e-01,9.943771247075903208e-01,5.622875292409726909e-03
-4.806053002768717608e-01,9.898716887966557687e-01,1.012831120334423823e-02
-4.803786564552455784e-01,1.003142473325952633e+00,3.142473325952738986e-03
-4.802367981961465082e-01,9.909197592447879233e-01,9.080240755212109702e-03
-4.774078817309437284e-01,9.858769629866470652e-01,1.412303701335291574e-02
-4.758773351610274815e-01,1.014656487689215458e+00,1.465648768921554157e-02
-4.750377372900440598e-01,9.977422369951346459e-01,2.257763004865356686e-03
-4.749943055405437820e-01,1.000675282046879166e+00,6.752820468792383691e-04
-4.747969332791839303e-01,9.857525181378654633e-01,1.424748186213456794e-02
-4.722557828814404335e-01,9.945561727547481690e-01,5.443827245251826701e-03
-4.688357603639905502e-01,1.001109225897098609e+00,1.109225897098660906e-03
-4.671634937149573563e-01,9.884900642257770098e-01,1.150993577422302835e-02
-4.638687544478191649e-01,1.003756980183456715e+00,3.756980183456719476e-03
-4.637822323620850451e-01,9.939936131008119125e-01,6.006386899188050250e-03
-4.637544099896273586e-01,9.970830625020672411e-01,2.916937497932768023e-03
-4.624049889038003291e-01,9.939829338777059764e-01,6.017066122293968956e-03
-4.588074853692113431e-01,1.018522781845089487e+00,1.852278184508937900e-02
-4.587933725256589934e-01,9.998650277526206498e-01,1.349722473793392029e-04
-4.587652188664284036e-01,9.894228907104409831e-01,1.057710928955900298e-02
-4.563004399574062120e-01,1.008225449121031847e+00,8.225449121031890368e-03
-4.562782316286863038e-01,9.877915635002897377e-01,1.220843649971022245e-02
-4.500398824767017913e-01,1.002088635950047601e+00,2.088635950047554226e-03
-4.493783362526229119e-01,9.804032987612022465e-01,1.959670123879775697e-02
-4.486339004454950041e-01,9.867181395110157238e-01,1.328186048898430567e-02
-4.483569246050687074e-01,1.001968612358691280e+00,1.968612358691235360e-03
-4.479273817142344072e-01,1.007384665799954115e+00,7.384665799954104153e-03
-4.474637970937352938e-01,1.001713682811899764e+00,1.713682811899705028e-03
-4.467766894224288743e-01,9.988435171761176345e-01,1.156482823882405350e-03
-4.467238273026531425e-01,9.969889630441071127e-01,3.011036955892887768e-03
-4.457170610035922076e-01,9.852147800963256818e-01,1.478521990367427479e-02
-4.427678076396247553e-01,9.928015579160529569e-01,7.198442083947086470e-03
-4.406016534504691995e-01,9.953936122904021300e-01,4.606387709597875232e-03
-4.377838657231417629e-01,1.010571222262189206e+00,1.057122226218915745e-02
-4.357696401634657546e-01,1.003436182895684592e+00,3.436182895684614016e-03
-4.354888159436747230e-01,9.823695984463726161e-01,1.763040155362733882e-02
-4.342844425890050042e-01,1.003240839693948061e+00,3.240839693947950018e-03
-4.340984466280393139e-01,9.961491771958368435e-01,3.850822804163165584e-03
-4.336362004337896980e-01,9.932307799969404272e-01,6.769220003059587577e-03
-4.335970685726230345e-01,1.006116762888408678e+00,6.116762888408678635e-03
-4.316622892296763103e-01,1.010309995224959456e+00,1.030999522495950997e-02
-4.303016833581494449e-01,1.009312801191162068e+00,9.312801191161986306e-03
-4.301092603000634673e-01,9.916078247677736490e-01,8.392175232226385673e-03
-4.299009028929917653e-01,9.969078762414878003e-01,3.092123758512145895e-03
-4.293577301811821734e-01,1.003312634314035723e+00,3.312634314035639571e-03
-4.290238732295561519e-01,1.009755451271223681e+00,9.755451271223592249e-03
-4.280181625563521663e-01,9.952082576215470766e-01,4.791742378452899971e-03
-4.269888953697728029e-01,9.981434102333618386e-01,1.856589766638171201e-03
-4.264745447734912265e-01,9.889366502599397091e-01,1.106334974006028225e-02
-4.249892071132179705e-01,9.880379337591932432e-01,1.196206624080670827e-02
-4.249171180973730921e-01,1.008125258223941945e+00,8.125258223941981064e-03
-4.242804071271141231e-01,1.013562400285708209e+00,1.356240028570823014e-02
-4.240067991248115398e-01,9.992798987841966518e-01,7.201012158033385331e-04
-4.230721907004140192e-01,1.010035328978920344e+00,1.003532897892024135e-02
-4.230061328778316199e-01,1.003616360250476403e+00,3.616360250476341378e-03
-4.227517587827299694e-01,9.935488024539487206e-01,6.451197546051242945e-03
-4.224090591024597385e-01,1.003613956055084078e+00,3.613956055084139272e-03
-4.222807069535342572e-01,1.015380365664659612e+00,1.538036566465969188e-02
-4.215085108407470305e-01,9.996417396089004592e-01,3.582603910995154056e-04
-4.208658035614916137e-01,1.015646436558140131e+00,1.564643655814006162e-02
-4.173200788016409035e-01,9.738025489591025652e-01,2.619745104089744522e-02
-4.157012009128553398e-01,1.008219025043752159e+00,8.219025043752239273e-03
-4.149587914698392721e-01,1.000870470682381663e+00,8.704706823817121497e-04
-4.138064540382815348e-01,9.970099264953413698e-01,2.990073504658674001e-03
-4.137356808589293111e-01,1.000917607765354989e+00,9.176077653550230358e-04
-4.125028142993437674e-01,9.801243108539910986e-01,1.987568914600892911e-02
-4.122601243082586464e-01,9.978032811216248632e-01,2.196718878375119449e-03
-4.121610312436400081e-01,1.003571125715117418e+00,3.571125715117464024e-03
-4.112696231101437006e-01,1.014778940447415234e+00,1.477894044741516130e-02
-4.105829114689216741e-01,9.948172978172635794e-01,5.182702182736474358e-03
-4.104851558204316575e-01,9.919150639710681006e-01,8.084936028931876892e-03
-4.094070552022698317e-01,9.949824295641546135e-01,5.017570435845365717e-03
-4.077087787612362346e-01,1.009154021177020688e+00,9.154021177020741848e-03
-4.055039484854536802e-01,1.003287511096596862e+00,3.287511096596844578e-03
-4.046150587215382455e-01,9.947023979623296208e-01,5.297602037670387856e-03
-4.023464712730598913e-01,1.005132674331133513e+00,5.132674331133560940e-03
-4.012184280486690291e-01,1.000970775493480458e+00,9.707754934804038944e-04
-4.000250728659232591e-01,1.009686449905328853e+00,9.686449905328893203e-03
-3.992987724077846634e-01,9.929794690612264718e-01,7.020530938773523848e-03
-3.979128768947988171e-01,9.967233785340222640e-01,3.276621465977682182e-03
-3.975543836967431188e-01,9.960789184686784647e-01,3.921081531321576018e-03
-3.967627316026058892e-01,9.853648505186788364e-01,1.463514948132118611e-02
-3.915343185013094862e-01,1.002961202770645821e+00,2.961202770645760766e-03
-3.912251358056990647e-01,1.002610552721798998e+00,2.610552721798893149e-03
-3.902747909863346631e-01,1.000051134566424693e+00,5.113456642460889910e-05
-3.890111886972413835e-01,9.976541286662485852e-01,2.345871333751469411e-03
-3.875709674358837065e-01,9.858462925794958531e-01,1.415370742050414340e-02
-3.841070997935940312e-01,9.957935467723464384e-01,4.206453227653590178e-03
-3.839056618813002641e-01,9.965728548347323468e-01,3.427145165267694860e-03
-3.833071924756399351e-01,9.919772273077838154e-01,8.022772692216189813e-03
-3.831355697540497207e-01,9.983871428833399619e-01,1.612857116660091402e-03
-3.823310789608220794e-01,1.004040508568145418e+00,4.040508568145383984e-03
-3.811229782534490962e-01,1.018861859012105242e+00,1.886185901210530105e-02
-3.801463170182041162e-01,1.001745778128318332e+00,1.745778128318389681e-03
-3.775907050504317963e-01,1.002575503907227716e+00,2.575503907227643524e-03
-3.753232737547683717e-01,9.992555408423383634e-01,7.444591576616721787e-04
-3.751425614318746327e-01,9.808122878470095785e-01,1.918771215299041460e-02
-3.745584715894028083e-01,9.997348612455078110e-01,2.651387544921687692e-04
-3.732679424527358680e-01,1.000602302099410368e+00,6.023020994102643976e-04
-3.729538971582705420e-01,1.024632421124852755e+00,2.463242112485286225e-02
-3.720842109314904667e-01,9.980763903521887581e-01,1.923609647811225188e-03
-3.713943718842896979e-01,1.003015473423336079e+00,3.015473423336124687e-03
-3.705688853242548042e-01,9.996528823029475763e-01,3.471176970524331119e-04
-3.700962976633838108e-01,9.883132196238046951e-01,1.168678037619532047e-02
-3.686923240330093332e-01,1.011428228145150099e+00,1.142822814515020644e-02
-3.655799611367827051e-01,1.007519330326867690e+00,7.519330326867741492e-03
-3.637938284540102041e-01,1.007910319470430416e+00,7.910319470430469610e-03
-3.629175247847654662e-01,9.909061254520525885e-01,9.093874547947388906e-03
-3.618724662658743263e-01,1.014027943109361063e+00,1.402794310936099180e-02
-3.595658528369675144e-01,9.859814893720771911e-01,1.401851062792280889e-02
-3.575095249686918164e-01,1.005868570938002637e+00,5.868570938002703324e-03
-3.565675409291823028e-01,1.021904556258099728e+00,2.190455625809978671e-02
-3.554586537989168349e-01,9.900946367486931354e-01,9.905363251306883651e-03
-3.545487991108355885e-01,9.943370227039722842e-01,5.662977296027719293e-03
-3.539539577073302912e-01,1.000996513650876496e+00,9.965136508764123151e-04
-3.536439653804085426e-01,9.949652434588379668e-01,5.034756541161992428e-03
-3.526624122353994029e-01,9.844933656893386509e-01,1.550663431066132657e-02
-3.521779881935962475e-01,1.000685629748060190e+00,6.856297480602733304e-04
-3.514822756640390011e-01,9.893769628627389068e-01,1.062303713726104985e-02
-3.514516142695546241e-01,1.004735924306351835e+00,4.735924306351816174e-03
-3.507012880537884181e-01,9.908057576576619896e-01,9.194242342338031226e-03
-3.502591016500173904e-01,1.015499344050175390e+00,1.549934405017539506e-02
-3.495679676429784832e-01,9.921674670766376103e-01,7.832532923362370628e-03
-3.477540279084204711e-01,9.967793848379432609e-01,3.220615162056756058e-03
-3.437996082011907095e-01,1.008135172173696636e+00,8.135172173696697193e-03
-3.414875573337560200e-01,9.876913568356604500e-01,1.230864316433955170e-02
-3.409513209789178934e-01,1.002274599346041351e+00,2.274599346041294122e-03
-3.406170867568241167e-01,1.013071427542824310e+00,1.307142754282428210e-02
-3.406030654786396106e-01,9.839251676543877556e-01,1.607483234561227561e-02
-3.401199539718201548e-01,1.001846338585323126e+00,1.846338585323042090e-03
-3.375713160457551876e-01,1.002598827942484228e+00,2.598827942484235355e-03
-3.368415596626204156e-01,1.007818228717773046e+00,7.818228717773103090e-03
-3.365171215399543891e-01,9.876304928912191805e-01,1.236950710878081949e-02
-3.363002926721410102e-01,9.867954338691572458e-01,1.320456613084276289e-02
-3.354571400855508312e-01,1.005219415656168902e+00,5.219415656168976611e-03
-3.353915848858706195e-01,1.002969846732331805e+00,2.969846732331860462e-03
-3.352821673720649542e-01,1.002504928503458848e+00,2.504928503458765578e-03
-3.343770813449979951e-01,1.003464482094969856e+00,3.464482094969756950e-03
-3.336525735748228083e-01,9.931997527842151285e-01,6.800247215784907887e-03
-3.333389443535050845e-01,1.002322536971610001e+00,2.322536971610035528e-03
-3.332140266896960190e-01,1.002930724732986834e+00,2.930724732986812742e-03
-3.277967839111602943e-01,9.928564858197362897e-01,7.143514180263678230e-03
-3.272093896434850047e-01,1.018657745111447577e+00,1.865774511144756634e-02
-3.262124400352922615e-01,1.004738329209117875e+00,4.738329209117875251e-03
-3.248858315669113095e-01,9.880869650279735517e-01,1.191303497202648651e-02
-3.239572391014623465e-01,1.006565536086338364e+00,6.565536086338297043e-03
-3.228102743275970132e-01,9.902531832977268245e-01,9.746816702273215435e-03
-3.222424594844917056e-01,1.007870846037424606e+00,7.870846037424520866e-03
-3.212453935425781948e-01,1.011585955790073932e+00,1.158595579007404112e-02
-3.181288630802252548e-01,9.917931768164829354e-01,8.206823183517104534e-03
-3.180469290631000590e-01,1.009633761292443310e+00,9.633761292443218313e-03
-3.168672831677499246e-01,1.004127809269365068e+00,4.127809269364983089e-03
-3.168551471034256606e-01,1.008220601599944866e+00,8.220601599944900306e-03
-3.167604391277187847e-01,1.018967929826539498e+00,1.896792982653947371e-02
-3.160699565510231013e-01,9.975461188399712409e-01,2.453881160028704902e-03
-3.140462199207738614e-01,9.924626383564251197e-01,7.537361643574895867e-03
-3.129045695012010464e-01,9.911048557037447360e-01,8.895144296255232813e-03
-3.122749020090482830e-01,9.918418971503456527e-01,8.158102849654383718e-03
-3.120880312349103569e-01,9.992289829058589312e-01,7.710170941410420019e-04
-3.117460660031107222e-01,1.003411519748166336e+00,3.411519748166438968e-03
-3.101809053237023495e-01,1.002766907993300149e+00,2.766907993300190671e-03
-3.085565713176731117e-01,1.008271832490360342e+00,8.271832490360238321e-03
-3.082511711950758349e-01,1.000130018918779173e+00,1.300189187790701869e-04
-3.076536387976794851e-01,1.014535340771573146e+00,1.453534077157316896e-02
-3.067777805224236598e-01,9.973534316676204714e-01,2.646568332379560691e-03
-3.066012065889700544e-01,1.027201691665896144e+00,2.720169166589618895e-02
-2.980819722803432770e-01,1.006256673477650132e+00,6.256673477650062654e-03
-2.967392092903974321e-01,9.914284244358371190e-01,8.571575564162825511e-03
-2.955614333243851144e-01,9.892910750193888436e-01,1.070892498061112343e-02
-2.932815501299617100e-01,1.004824724152431958e+00,4.824724152431853451e-03
-2.925591791466043423e-01,9.977653721467414361e-01,2.234627853258508868e-03
-2.921574628767158455e-01,1.007140004940920930e+00,7.140004940920920314e-03
-2.918785353442284736e-01,1.004732376245735415e+00,4.732376245735448426e-03
-2.917890837812897598e-01,9.992717108734312514e-01,7.282891265687277405e-04
-2.913734588506908807e-01,9.915320628193159402e-01,8.467937180684049353e-03
-2.906296472030294176e-01,9.848515277531413314e-01,1.514847224685864600e-02
-2.896676928761500180e-01,9.955348504793297693e-01,4.465149520670210793e-03
-2.888234427948069838e-01,1.008563987943234652e+00,8.563987943234723302e-03
-2.871213478995039425e-01,1.002140937441301949e+00,2.140937441302039491e-03
-2.850187886896160538e-01,9.875426122128800888e-01,1.245738778711988001e-02
-2.828862681142582103e-01,1.001731809258511907e+00,1.731809258511819976e-03
-2.825583265645873476e-01,1.003853173797288445e+00,3.853173797288367806e-03
-2.817213618883115389e-01,9.911614256379887022e-01,8.838574362011330718e-03
-2.810373337928562254e-01,1.001537251059455347e+00,1.537251059455279137e-03
-2.803562018373607634e-01,1.000582087184459956e+00,5.820871844599989371e-04
-2.764425529891407773e-01,9.885702970216937446e-01,1.142970297830623108e-02
-2.745619246200855512e-01,1.003577873603482828e+00,3.577873603482832794e-03
-2.717639158965290402e-01,1.005607845263682298e+00,5.607845263682344379e-03
-2.701677833433319131e-01,1.010830512431752704e+00,1.083051243175277116e-02
-2.696615116806275747e-01,1.010538020520349134e+00,1.053802052034902986e-02
-2.694871767415101260e-01,9.862233063204290939e-01,1.377669367957091127e-02
-2.686840070664976432e-01,9.906217496008488110e-01,9.378250399151228864e-03
-2.683304315604462253e-01,1.005150352672086633e+00,5.150352672086597715e-03
-2.682641222135103698e-01,1.005137859509122045e+00,5.137859509122088067e-03
-2.670021544078789999e-01,1.005150476863060582e+00,5.150476863060479173e-03
-2.666857859740463521e-01,1.038527314906547261e+00,3.852731490654721230e-02
-2.634513932575094364e-01,1.005708905106931672e+00,5.708905106931670345e-03
-2.630589679425962002e-01,1.011355656401806025e+00,1.135565640180598995e-02
-2.616017870739458795e-01,1.009540017634932063e+00,9.540017634932023219e-03
-2.609425381871895988e-01,1.006513912513057996e+00,6.513912513057979956e-03
-2.606938054299685614e-01,9.968473075535965178e-01,3.152692446403456208e-03
-2.606602468737828637e-01,1.007589692204932774e+00,7.589692204932674442e-03
-2.594621330548485538e-01,9.922717478546242420e-01,7.728252145375718099e-03
-2.583880678997074742e-01,9.976318139325999201e-01,2.368186067400088971e-03
-2.571601428138293732e-01,9.951463645217090148e-01,4.853635478291034623e-03
-2.567929562837893975e-01,1.000818741393863176e+00,8.187413938632255627e-04
-2.555732591775307094e-01,1.023146585666734998e+00,2.314658566673508805e-02
-2.548577598436794212e-01,9.813273480740825061e-01,1.867265192591748002e-02
-2.546884929486409321e-01,1.006862601903745214e+00,6.862601903745134575e-03
-2.541186327076455642e-01,9.838728412881034835e-01,1.612715871189651651e-02
-2.536626245807025448e-01,9.952806813421056775e-01,4.719318657894334620e-03
-2.529646637727763769e-01,1.010889505969673641e+00,1.088950596967366152e-02
-2.519952398593090503e-01,1.000642800190954640e+00,6.428001909546276647e-04
-2.519497970819042365e-01,9.892225522207069854e-01,1.077744777929306140e-02
-2.518915861369197540e-01,9.928469629074002656e-01,7.153037092599682373e-03
-2.511933212411665561e-01,1.006795977489346683e+00,6.795977489346758348e-03
-2.511760034030934285e-01,9.926963336828286133e-01,7.303666317171366752e-03
-2.495193920898762796e-01,1.002164585895819693e+00,2.164585895819748796e-03
-2.484626518618170410e-01,1.000455718399038130e+00,4.557183990381378494e-04
-2.474785156513629181e-01,9.934839965239418147e-01,6.516003476058171429e-03
-2.457129117758548587e-01,1.021439440893253225e+00,2.143944089325325666e-02
-2.449813973281455004e-01,1.006339190223180191e+00,6.339190223180112167e-03
-2.413180564341856904e-01,9.797485741334239773e-01,2.025142586657607130e-02
-2.412908496211538800e-01,1.001864543147694242e+00,1.864543147694276487e-03
-2.400595310574158425e-01,9.933821353523161202e-01,6.617864647683879831e-03
-2.400494986805316033e-01,1.008524333347962321e+00,8.524333347962239141e-03
-2.387187445923496520e-01,9.920747926156729957e-01,7.925207384327006069e-03
-2.376147047719290306e-01,9.988526355853309946e-01,1.147364414668990227e-03
-2.359706562048986545e-01,1.005049872789804510e+00,5.049872789804571958e-03
-2.348381899035361098e-01,1.008657551941701147e+00,8.657551941701214712e-03
-2.348317316686912015e-01,9.879970359294422133e-01,1.200296407055776240e-02
-2.346198908735590560e-01,9.966549876415905507e-01,3.345012358409484021e-03
-2.337927444982341729e-01,9.952505468883904305e-01,4.749453111609561705e-03
-2.333129597246234033e-01,9.934667076742629277e-01,6.533292325737119141e-03
-2.329691738017947156e-01,1.017654542402810947e+00,1.765454240281097084e-02
-2.327575691922627588e-01,1.004049817109609499e+00,4.049817109609555633e-03
-2.314669267689194454e-01,9.873911604566495415e-01,1.260883954335045160e-02
-2.301928994803984496e-01,1.009178619470547655e+00,9.178619470547761186e-03
-2.257176582897382211e-01,1.021221561970126368e+00,2.122156197012633333e-02
-2.253827655334774693e-01,1.010324652605511409e+00,1.032465260551146922e-02
-2.243634846036652863e-01,9.848063003404599058e-01,1.519369965954013406e-02
-2.240839990311990215e-01,9.951576592713374803e-01,4.842340728662513673e-03
-2.205543337940013560e-01,1.012669111491866225e+00,1.266911149186622683e-02
-2.201143113817320973e-01,9.929233053438122347e-01,7.076694656187807776e-03
-2.193572691669244401e-01,1.004438194281462193e+00,4.438194281462284375e-03
-2.188789173570377944e-01,1.007746340534293461e+00,7.746340534293368225e-03
-2.162824353553987056e-01,9.907306952842191983e-01,9.269304715780829484e-03
-2.154072194375614702e-01,9.994047464393820412e-01,5.952535606180008217e-04
-2.150214880127944150e-01,9.675873265993092387e-01,3.241267340069072661e-02
-2.148105333799791294e-01,9.897561235866570994e-01,1.024387641334289882e-02
-2.139572806265320759e-01,9.974743184860683787e-01,2.525681513931603110e-03
-2.139415938555014884e-01,9.875221681803515450e-01,1.247783181964849490e-02
-2.137553617750193036e-01,1.016324113039316357e+00,1.632411303931635346e-02
-2.130559503738578275e-01,9.856985862203936355e-01,1.430141377960632634e-02
-2.124628720660991510e-01,9.955995551330301119e-01,4.400444866969837818e-03
-2.111034465485419620e-01,1.001307405772860815e+00,1.307405772860913487e-03
-2.109474358111337322e-01,1.014412732890661140e+00,1.441273289066115522e-02
-2.089059107326896036e-01,9.856413784882056550e-01,1.435862151179439355e-02
-2.086351848446362789e-01,1.011631637521549498e+00,1.163163752154959540e-02
-2.084068336266610144e-01,1.000102330610195933e+00,1.023306101958704938e-04
-2.083667071392338865e-01,9.901849134895205351e-01,9.815086510479510001e-03
-2.072503192778131220e-01,1.004621034742632757e+00,4.621034742632707491e-03
-2.067899829309499671e-01,1.001990596955734780e+00,1.990596955734700441e-03
-2.064641733257854828e-01,9.939978312284120099e-01,6.002168771587946747e-03
-2.056841124238315555e-01,1.000698020849900116e+00,6.980208499001891139e-04
-2.039444022612701968e-01,9.961468640313824174e-01,3.853135968617602079e-03
-2.023062172988814300e-01,1.001135173452512461e+00,1.135173452512480349e-03
-2.020338265098465813e-01,1.006621306745210553e+00,6.621306745210466665e-03
-2.014974092670877015e-01,1.015860168161453414e+00,1.586016816145352157e-02
-2.009651601274029531e-01,9.876218450117315584e-01,1.237815498826849020e-02
-2.001548767742666879e-01,1.021330333746562680e+00,2.133033374656266579e-02
-2.001002247659788846e-01,9.804791220047749389e-01,1.952087799522501943e-02
-1.996078648445006598e-01,9.984821490496441632e-01,1.517850950355833367e-03
-1.989216718576223286e-01,1.005883172064845787e+00,5.883172064845765790e-03
-1.983209316845067072e-01,1.002809918677350254e+00,2.809918677350326660e-03
-1.979139075886235943e-01,9.937730048017940909e-01,6.226995198205937700e-03
-1.963832223909897090e-01,9.979187774964272117e-01,2.081222503572752267e-03
-1.941189440596161608e-01,9.950699906534116179e-01,4.930009346588328303e-03
-1.936302753336281990e-01,9.941063524305578936e-01,5.893647569442115111e-03
-1.929985006843527584e-01,1.008496020970210294e+00,8.496020970210247172e-03
-1.922654465734690010e-01,1.003570154859650509e+00,3.570154859650473498e-03
-1.907086157041177898e-01,9.930709040473935101e-01,6.929095952606541958e-03
-1.887073376407399916e-01,1.008995998754332435e+00,8.995998754332507757e-03
-1.884956945528006855e-01,1.003072995208766027e+00,3.072995208766093195e-03
-1.871784301810290874e-01,1.008128621188389529e+00,8.128621188389601598e-03
-1.869202608723588011e-01,1.006296288419236129e+00,6.296288419236122091e-03
-1.865233488305361176e-01,9.917100498907792661e-01,8.289950109220723534e-03
-1.865231490255320201e-01,9.943981895980302799e-01,5.601810401969695846e-03
-1.805180655454686756e-01,1.007472936051232670e+00,7.472936051232618310e-03
-1.793816809438250059e-01,1.006103702654334686e+00,6.103702654334648876e-03
-1.792616125011812223e-01,9.997909840603584897e-01,2.090159396414813264e-04
-1.768031137842093203e-01,1.001173273833087851e+00,1.173273833087819934e-03
-1.764044060853777740e-01,1.012776648957884218e+00,1.277664895788424917e-02
-1.760552349791940641e-01,9.940842861116416795e-01,5.915713888358299644e-03
-1.744665852833998665e-01,1.005470973811700475e+00,5.470973811700379288e-03
-1.738743462235600168e-01,9.979780734756610316e-01,2.021926524338940601e-03
-1.735316022154979043e-01,9.978231879677278426e-01,2.176812032272202897e-03
-1.731000089381449225e-01,1.010987768519871821e+00,1.098776851987190092e-02
-1.728529247981162031e-01,1.008254163489880284e+00,8.254163489880297910e-03
-1.720004769297130975e-01,1.008135096360006422e+00,8.135096360006385460e-03
-1.717811983297509171e-01,1.013054788071543255e+00,1.305478807154329159e-02
-1.709462643923614911e-01,1.000210038416327496e+00,2.100384163275904957e-04
-1.701143541668176384e-01,1.006819529712949635e+00,6.819529712949638951e-03
-1.699985463595766744e-01,9.968973324340654196e-01,3.102667565934560424e-03
-1.695993617667419517e-01,1.003241663524884419e+00,3.241663524884421180e-03
-1.692386177400964087e-01,9.986985694563231819e-01,1.301430543676845852e-03
-1.689066751273813338e-01,1.000969959649927077e+00,9.699596499271818982e-04
-1.672494492612989214e-01,1.005951570254369098e+00,5.951570254369136642e-03
-1.661922639688576675e-01,9.918177931676652737e-01,8.182206832334724608e-03
-1.648837071663155074e-01,1.020923872756854589e+00,2.092387275685460291e-02
-1.627255152085750334e-01,9.899398261850029801e-01,1.006017381499701990e-02
-1.624125981701691757e-01,9.878581138721226340e-01,1.214188612787732262e-02
-1.623096617596668789e-01,1.011581108735000623e+00,1.158110873500067806e-02
-1.619239290902816375e-01,1.007916626939629356e+00,7.916626939629358220e-03
-1.611731525434935142e-01,1.006241198170521489e+00,6.241198170521551625e-03
-1.600641795380782773e-01,1.006283455092642720e+00,6.283455092642799104e-03
-1.597031527117895866e-01,9.998775322715308667e-01,1.224677284691462432e-04
-1.589218058211978590e-01,9.910274562851416613e-01,8.972543714858316130e-03
-1.583256583019871933e-01,1.000758045581937372e+00,7.580455819372634027e-04
-1.580915439060279759e-01,9.932283828848789131e-01,6.771617115121117240e-03
-1.570384254385300826e-01,1.009751197334177508e+00,9.751197334177511694e-03
-1.564319449052178346e-01,9.985294261849786412e-01,1.470573815021386510e-03
-1.553421646954202817e-01,9.917450280320748712e-01,8.254971967925114895e-03
-1.522961647020242282e-01,9.967861415834701200e-01,3.213858416529934668e-03
-1.518196407955414440e-01,1.004129314542756335e+00,4.129314542756242976e-03
-1.511593335091823143e-01,9.943627544719602085e-01,5.637245528039747273e-03
-1.496474037095802956e-01,9.917777960443356911e-01,8.222203955664314154e-03
-1.496158138239019886e-01,1.002436872114919053e+00,2.436872114919122912e-03
-1.480546578287644799e-01,1.002449665711087290e+00,2.449665711087227905e-03
-1.475874162210395468e-01,9.949305682462886713e-01,5.069431753711297478e-03
-1.462133606284213849e-01,9.952896169438167906e-01,4.710383056183227619e-03
-1.454606254892401029e-01,1.002320499373576368e+00,2.320499373576363159e-03
-1.450933226089686778e-01,9.855191565850267565e-01,1.448084341497324172e-02
-1.446355346027720090e-01,9.859253622562343944e-01,1.407463774376555184e-02
-1.428559828799145226e-01,9.928155577874756554e-01,7.184442212524360175e-03
-1.412174564852879399e-01,9.978655284828815697e-01,2.134471517118472373e-03
-1.372265769779489331e-01,1.003109075655979954e+00,3.109075655980046097e-03
-1.362334151703793461e-01,1.014753562169495416e+00,1.475356216949551963e-02
-1.357366932205589238e-01,1.008576596232020117e+00,8.576596232020193555e-03
-1.350700550572575542e-01,9.984006147003656739e-01,1.599385299634271214e-03
-1.347358201498811692e-01,9.998098379209731101e-01,1.901620790268883181e-04
-1.344895363602210958e-01,9.899747063536219471e-01,1.002529364637808930e-02
-1.337732743672686020e-01,9.998148686400760710e-01,1.851313599238993055e-04
-1.320697674254619480e-01,9.971134136107986379e-01,2.886586389201383374e-03
-1.316119508695029472e-01,1.003227185603380978e+00,3.227185603380894763e-03
-1.311019321064110787e-01,9.917276905644767382e-01,8.272309435523230586e-03
-1.308213085270527598e-01,1.005193465142411702e+00,5.193465142411722579e-03
-1.305523607474048386e-01,1.015327389130025848e+00,1.532738913002577689e-02
-1.298546735534191754e-01,9.989123985154314544e-01,1.087601484568575909e-03
-1.298534234722324987e-01,1.004017117220989519e+00,4.017117220989414872e-03
-1.292662218821308828e-01,1.006901439917111230e+00,6.901439917111125422e-03
-1.288659894079030588e-01,9.959877952811416746e-01,4.012204718858362711e-03
-1.283346488349573766e-01,1.002240924818104117e+00,2.240924818104167784e-03
-1.279210725627781819e-01,1.000125924007817746e+00,1.259240078179485955e-04
-1.270227073829465203e-01,1.000976760985488268e+00,9.767609854883171645e-04
-1.260867944368366800e-01,9.922699021614450610e-01,7.730097838554664952e-03
-1.260178426964485565e-01,1.000245101742589293e+00,2.451017425894271343e-04
-1.227277460043685320e-01,1.004979982912453051e+00,4.979982912454497361e-03
-1.224997353128763899e-01,1.014511436077948803e+00,1.451143607795041778e-02
-1.202412360487919996e-01,1.009592708260846461e+00,9.592708260852069249e-03
-1.197855698436062211e-01,1.021531824575108383e+00,2.153182457511556430e-02
-1.192182498052410944e-01,9.923265243711099082e-01,7.673475628880495336e-03
-1.185726323506723912e-01,1.008723206367193148e+00,8.723206367206781317e-03
-1.183626738572565174e-01,1.001833420057368418e+00,1.833420057383517527e-03
-1.181432119030599859e-01,1.021898029332159785e+00,2.189802933217672304e-02
-1.163833400594123102e-01,9.919170171464062324e-01,8.082982853551514899e-03
-1.163640668868411998e-01,9.916027815781495169e-01,8.397218421807760291e-03
-1.145652631040391389e-01,9.940060735454522289e-01,5.993926454440221679e-03
-1.135259165466584452e-01,9.787610427567197124e-01,2.123895724309806873e-02
-1.131216644047959852e-01,9.947424497829689960e-01,5.257550216807610650e-03
-1.130317411524315308e-01,9.924086733842293340e-01,7.591326615536979697e-03
-1.125755675377696496e-01,1.001503937864468341e+00,1.503937864762076295e-03
-1.113164073653080122e-01,1.003417559757221911e+00,3.417559757771594306e-03
-1.110958260060600500e-01,1.018761708391545895e+00,1.876170839215886288e-02
-1.091100392058952373e-01,1.009504238380240615e+00,9.504238381860503210e-03
-1.088562682284289762e-01,9.942309634415442687e-01,5.769036556624030677e-03
-1.080582417214195345e-01,9.910158532838254652e-01,8.984146713483579655e-03
-1.073096452202120243e-01,1.004919191711214577e+00,4.919191715065057355e-03
-1.045803304028269931e-01,9.867976679158736442e-01,1.320233207020642119e-02
-1.044570037818514097e-01,1.018314587643802671e+00,1.831458765854353937e-02
-9.931544815317105979e-02,1.011794401055974735e+00,1.179440120721286962e-02
-9.930317799185195415e-02,9.953082433268936047e-01,4.691756521047048441e-03
-9.883176698681339634e-02,9.828686545219555981e-01,1.713134529090877545e-02
-9.811198288929434685e-02,1.013538723485225779e+00,1.353872374165412951e-02
-9.728579686280813821e-02,9.988546011803889346e-01,1.145398452526178801e-03
-9.662983705566885462e-02,1.012378162632735723e+00,1.237816311973461737e-02
-9.556404097769255479e-02,9.840557226443089611e-01,1.594427658794366973e-02
-9.469138416017486293e-02,9.940062486601337621e-01,5.993750229537729048e-03
-9.444959850901402110e-02,1.000052435768082670e+00,5.243699718183165954e-05
-9.339819009799255056e-02,1.000469804031315135e+00,4.698059376474205415e-04
-9.234946113667641399e-02,9.954993423462128455e-01,4.500654714792436811e-03
-9.111712875855815241e-02,1.006228494466120837e+00,6.228499323474987436e-03
-9.045581265047697439e-02,9.893237893633005653e-01,1.067620429382594438e-02
-8.995047346721674053e-02,9.985761973824777149e-01,1.423794850212934922e-03
-8.987538092521474287e-02,1.001202948313196117e+00,1.202956317118988655e-03
-8.936661556523006755e-02,1.005144378538641581e+00,5.144388340587490241e-03
-8.864104695830399283e-02,1.007116135720342198e+00,7.116148780888897907e-03
-8.848150443429791956e-02,9.887535651746142129e-01,1.124642091837869257e-02
-8.552781015179511392e-02,9.846588147147899983e-01,1.534114170735622305e-02
-8.550618686125666112e-02,1.012776724281511553e+00,1.277676821898509132e-02
-8.351924926481568701e-02,1.003323047446039729e+00,3.323140119795916711e-03
-8.169833329498155106e-02,9.925149537904019992e-01,7.484865365565536444e-03
-8.165408049977196381e-02,1.015511335982654861e+00,1.551151975522522923e-02
-8.158848141332142312e-02,1.001156558144708608e+00,1.156746342928586732e-03
-8.149454773662978546e-02,1.011792777125440690e+00,1.179297184063826491e-02
-7.935490502381281619e-02,1.000674766455582620e+00,6.751848141010894982e-04
-7.859177446241327747e-02,1.020606932389294341e+00,2.060747924881987242e-02
-7.810208945848207129e-02,1.017552759896883208e+00,1.755340842443204458e-02
-7.773278088759294491e-02,9.975096215092815743e-01,2.489641484790735236e-03
-7.690127445972649856e-02,1.009714728749804502e+00,9.715709509543554376e-03
-7.677768270163209952e-02,1.006452736454499508e+00,6.453759495851475216e-03
-7.641442165454837010e-02,1.013685157865527042e+00,1.368631557532348775e-02
-7.597079266458706126e-02,9.903494200209070897e-01,9.649234605801044334e-03
-7.594673997518408548e-02,1.006859158257711995e+00,6.860514599984393613e-03
-7.575838802820955564e-02,1.010582799608473747e+00,1.058424486849587724e-02
-7.386700934947620922e-02,9.824098945240594682e-01,1.758739486423114423e-02
-7.344501745724452135e-02,9.881643027114608291e-01,1.183258512665775163e-02
-6.853138232638789074e-02,9.795930114465173366e-01,2.039232177760100587e-02
-6.808372336916834744e-02,9.972891298024816331e-01,2.694068344445577513e-03
-6.792388688764017246e-02,1.007157789101689405e+00,7.175422557959623693e-03
-6.627808807116919443e-02,1.014994763503321629e+00,1.502357052096028184e-02
-6.110271927415533710e-02,1.000616286224325968e+00,7.409478041977518407e-04
-6.045043766792868034e-02,1.016137475538265056e+00,1.628615545571291887e-02
-6.027850045700267057e-02,9.860432864845622980e-01,1.380101458214891448e-02
-5.962591766074654132e-02,9.827809068153547933e-01,1.703382439355154848e-02
-5.903891858629517486e-02,9.992282375448666709e-01,5.554769889661877571e-04
-5.770209912109403039e-02,1.003534710257249163e+00,3.840654489393072711e-03
-5.606132231417859657e-02,9.992098317843205457e-01,3.269474809409311355e-04
-5.601357285314201295e-02,9.788568166387303648e-01,2.067442100039876621e-02
-5.545861158846177030e-02,9.985709555204521637e-01,8.912003951278840578e-04
-5.529879077294475032e-02,9.863958824848186868e-01,1.304469500504853302e-02
-5.525943552897860656e-02,1.006131867692409365e+00,6.696725488300385096e-03
-5.451772369042762190e-02,1.002989088891089953e+00,3.665982460968482924e-03
-5.432926882859023809e-02,9.898927390694375328e-01,9.398797863273552003e-03
-5.384426816140608363e-02,9.940652624165775553e-01,5.138669173366935614e-03
-5.309941403675721983e-02,9.884576370584179372e-01,1.059213521888951667e-02
-5.265228282658440673e-02,9.983176991930080568e-01,6.267909727317187490e-04
-4.996029438182048033e-02,1.007601339084909231e+00,9.551423205012383663e-03
-4.972844199469383941e-02,9.880898775896201913e-01,9.857260463355436986e-03
-4.809396260047282823e-02,1.002111810593148800e+00,5.040465155178443929e-03
-4.801322590087664377e-02,9.917178323949462637e-01,5.302576183724407900e-03
-4.712613570831625243e-02,9.884770211051152611e-01,7.928728322623441321e-03
-4.681141767651419983e-02,9.950913834585719542e-01,1.070303599545578211e-03
-4.492935538510767213e-02,9.840141048732713447e-01,1.035242322419374118e-02
-4.363130301613460382e-02,9.871903929393127664e-01,5.536493053471820691e-03
-4.306324187622156963e-02,9.799069522393668574e-01,1.197877892588848463e-02
-4.293940866326961814e-02,1.011338654604420739e+00,1.964725132916389158e-02
-4.273804352709353882e-02,9.917193122825929130e-01,3.526355197172860944e-04
-4.196674594345228826e-02,9.830204495098062711e-01,6.997255079925855832e-03
-3.771467578862697234e-02,9.809456239400898836e-01,2.139799107342220136e-03
-3.421117451800415044e-02,9.617732941029177862e-01,1.123280496908298301e-03
-3.337538088653713153e-02,9.557243340197053572e-01,2.209695995332230066e-03
-3.264379070762757351e-02,9.593095063092317298e-01,6.141667000434252420e-03
-3.250085938625446591e-02,9.597637901168064589e-01,7.575077100473051259e-03
-3.146965310228422297e-02,9.393351376484461168e-01,5.305011476105275098e-03
-3.135708605169240659e-02,9.380050560168907703e-01,5.758182406446800405e-03
-3.086424796880371524e-02,9.370469033271551229e-01,2.750516971516440371e-03
-3.072742375974313322e-02,9.156401610497363341e-01,2.301921164735584724e-02
-3.069014473664299913e-02,9.231945674171517791e-01,1.515191062198552319e-02
-3.062867909738875571e-02,9.514966695725820545e-01,1.366874267444524726e-02
-3.024984802256702743e-02,9.510081971026509429e-01,1.644967713501283707e-02
-2.928584745498374886e-02,9.231662266688253071e-01,2.490360395563783174e-03
-2.916492570867823542e-02,9.302452561597280845e-01,5.765569630557664145e-03
-2.837120388071034949e-02,9.195257184764146219e-01,3.112501545435361096e-03
-2.779542831496328859e-02,9.409739259560117031e-01,3.078880808455237636e-02
-2.537591160276952973e-02,8.916574000592157878e-01,1.119574911434576860e-02
-2.535969397164772321e-02,8.789637028403434194e-01,1.279175914807665401e-03
-2.516772939376055174e-02,8.680781626129531192e-01,9.555404406004257972e-03
-2.216502064252656723e-02,8.161214608106561741e-01,1.606446320257572460e-02
-1.911105860348227825e-02,7.799674038392184761e-01,2.034636358672231062e-03
-1.180010669094078146e-02,6.255031216704549646e-01,7.563507452843033600e-03
-9.919318519797215572e-03,5.839763371290103144e-01,1.422253709597674255e-02
-9.619148874028704554e-03,5.864621934149130134e-01,6.465728842425265410e-03
-9.592512943958353411e-03,5.816492742142445049e-01,1.081548003614394952e-02
-9.184527442076650949e-03,6.023389354137568263e-01,1.687141635072564663e-02
-8.818387916106340541e-03,5.881671747874360756e-01,8.816397569494505496e-03
-5.818696796821454242e-03,5.361590552233216345e-01,7.972641316617372061e-05
-5.446743708590218169e-03,5.466997008980508665e-01,1.479944138890025920e-02
-5.003758436999738990e-03,5.278334654757237399e-01,7.736830764761830782e-04
-4.564961057983207837e-03,5.140135165584677202e-01,8.612842013282636169e-03
-2.911826910576231775e-03,5.245638614901296792e-01,1.523124077269657345e-02
-1.419228780744963281e-03,5.076221106862238708e-01,5.389100436846586649e-03
-7.929674910639450403e-04,4.903257143771921900e-01,1.037246154326456477e-02
1.613310932180311852e-06,4.980966161111330393e-01,1.903386780836081957e-03
7.867660258552566788e-04,4.919311232873349038e-01,8.756182533847571559e-03
1.440857985587573609e-03,4.884734361568358052e-01,1.382799730964336116e-02
1.958649828677105909e-03,5.135062232550269279e-01,9.261775475316414569e-03
3.757151834233973808e-03,5.345353657626684685e-01,1.909416640470130641e-02
5.586067660467652907e-03,5.195108169426673195e-01,1.398567573819141201e-02
5.743057512828997346e-03,5.409663315328767652e-01,5.629692366905708449e-03
5.778780509886782824e-03,5.292550256636562311e-01,6.506425691218269830e-03
6.530048307067604085e-03,5.403326669732422260e-01,4.871253837646960343e-03
6.864201092272259608e-03,5.437809886472879661e-01,5.923939242388692045e-03
7.799373315638735704e-03,5.545800107254956757e-01,8.639907696798161327e-03
7.868366780666380400e-03,5.647530908476318112e-01,4.852162794482699280e-04
7.999247644437379456e-03,5.579646605965806749e-01,8.309501164110378452e-03
9.943159326997297320e-03,6.013260376553848374e-01,2.704568257798388182e-03
1.006325509019223574e-02,6.002564581255579457e-01,5.023810944913695764e-04
1.163234460681839000e-02,6.274576773951204833e-01,2.389480468664097364e-03
1.184104285567688652e-02,6.247792779731500268e-01,9.075636620415978781e-03
1.230363619556529287e-02,6.370632041070981577e-01,5.767713305683327442e-03
1.233978844461436353e-02,6.510912576399923157e-01,7.553912258257560602e-03
1.234791373280441640e-02,6.487053807750633450e-01,5.009171876243807310e-03
1.912838925995208328e-02,7.684840126185100706e-01,9.775552447985511387e-03
2.040750661467771732e-02,8.028229018847876652e-01,9.933230542922587888e-04
2.089943877289590635e-02,8.180930058101156810e-01,7.513871233717890619e-03
2.358329658200286616e-02,8.380248317790844892e-01,1.669405281121371862e-02
2.360217552428667265e-02,8.604397978922690982e-01,5.433601923799350961e-03
2.382661565840404894e-02,8.517695933336948411e-01,6.626237589458467379e-03
2.547965486133552115e-02,8.875609539219507793e-01,5.705986685931593340e-03
2.644663650175671510e-02,8.866963286389623056e-01,7.632591565425168693e-03
2.659629252875495009e-02,8.781278372424848877e-01,1.804882100664519096e-02
2.697378271707784325e-02,8.844635855197492402e-01,1.627542437883162593e-02
2.714240098283104974e-02,9.032123764681297962e-01,4.808494666138199468e-04
2.907168640297552731e-02,9.261601228435211164e-01,2.597225017214818861e-03
2.908599244477572121e-02,9.146609257673086191e-01,9.043166251044086612e-03
2.950656701365284018e-02,9.341557343930024793e-01,6.385924587773739690e-03
2.959052045148036214e-02,9.119465976987459754e-01,1.661520062268959791e-02
3.049168301138938109e-02,9.359994493313634756e-01,6.607979864731657093e-04
3.182504181061196480e-02,9.352292425066086601e-01,1.211016199762456752e-02
3.189330160970837991e-02,9.413275739525408525e-01,6.518361078021592085e-03
3.195908658018464799e-02,9.488044890331824854e-01,4.739867131641401811e-04
3.236650682977437743e-02,9.426495992540721014e-01,8.604133652839523680e-03
3.584544915061527171e-02,9.673858836880782075e-01,3.845555442298253645e-03
3.767487151743242890e-02,9.887269472310458163e-01,1.006292809214440545e-02
3.788888475910789921e-02,9.736482375322816907e-01,5.768918695231487447e-03
3.876751258849808757e-02,9.906352933000361904e-01,8.356921120651419205e-03
4.000417110181198055e-02,9.744307687637486781e-01,1.129706854657618054e-02
4.008989070565538437e-02,9.912419761968138676e-01,5.298041779152828055e-03
4.342621395447265886e-02,1.006848197254966770e+00,1.441568620657900437e-02
4.466729560474591576e-02,9.693483415324513075e-01,2.471644500127289507e-02
4.473178363972640792e-02,9.861713879003153327e-01,7.968952554704767863e-03
4.573283183778398264e-02,1.000979198328704634e+00,5.770721271805400593e-03
4.855747298289103675e-02,9.953184056651452893e-01,2.030453860429926732e-03
4.929618367556243275e-02,1.001453738910355939e+00,3.711458733713088494e-03
5.084544958860048869e-02,9.923608154878050813e-01,6.039851867158206079e-03
5.115873666121018015e-02,9.993762022885798180e-01,8.658978747289992157e-04
5.217061250704080333e-02,9.972623899747009579e-01,1.556772353920794901e-03
5.233631471550581615e-02,1.010541561043373227e+00,1.167782061659807316e-02
5.286620078644155285e-02,1.001540337719525331e+00,2.544208433012131419e-03
5.351867439622737255e-02,1.002515653040600530e+00,3.376026620752021687e-03
5.401083355844693568e-02,9.951163166039270758e-01,4.118769661224673528e-03
5.569516209170488619e-02,9.946166193897753027e-01,4.876062240724935229e-03
5.629810859203121520e-02,9.952377903347838783e-01,4.325581878196209547e-03
5.702458262833687286e-02,1.003580892308066908e+00,3.944521423782968231e-03
5.713626564889651149e-02,9.954366841782928965e-01,4.209844808202629733e-03
5.830711706167290842e-02,1.002635987989745736e+00,2.897748568964129186e-03
5.856118248388209047e-02,1.020508961578419305e+00,2.075400798645438832e-02
5.962242168223630401e-02,1.008525806526721080e+00,8.711247034316924390e-03
5.989029480104213210e-02,9.965670585703297890e-01,3.260235321678411555e-03
6.004524721859005876e-02,1.011846420334336472e+00,1.201213922163944792e-02
6.017726767108400043e-02,9.957592705315467807e-01,4.080753730215514255e-03
6.106784356298766703e-02,9.794929071155041855e-01,2.038124535177853955e-02
6.207464253705485824e-02,9.898235954003593573e-01,1.008086310917404027e-02
6.242249613846173606e-02,9.812053053765199540e-01,1.870791921025855703e-02
6.362972701966940203e-02,9.964229875388042057e-01,3.515134840413086832e-03
6.501113596215701840e-02,1.000142493964270241e+00,1.841837918955169966e-04
6.535999047860163724e-02,1.016726690869245608e+00,1.676437312275282782e-02
6.626386302673359374e-02,1.003240345770830766e+00,3.269273737641626657e-03
6.753930244349926060e-02,9.977891969437597819e-01,2.191005288088642561e-03
6.863299801123190491e-02,1.008279836353358494e+00,8.294055811834892544e-03
6.960866578834112861e-02,9.778781100182334374e-01,2.211135309007885089e-02
6.984634374676579327e-02,1.002346356905265523e+00,2.356145581085659219e-03
7.024125277668669121e-02,1.007699995627185485e+00,7.708651938869668166e-03
7.034656876787259705e-02,9.852057614106169980e-01,1.478586245779841581e-02
7.248490008165575649e-02,1.011433291478029295e+00,1.143754043206929132e-02
7.439817428999850879e-02,1.003382688649435917e+00,3.384964074944141459e-03
7.519032921500823363e-02,9.958453722184349433e-01,4.152879139008012511e-03
7.657553116668913695e-02,1.006326722657868489e+00,6.327818661062848370e-03
7.729176585623398488e-02,1.022706070645763354e+00,2.270692857804395767e-02
7.827556195796181449e-02,1.001818051962987566e+00,1.818662550584951515e-03
7.896019355711492160e-02,1.002481725182540639e+00,2.482205863003360963e-03
8.002692671934519275e-02,9.954060612591855151e-01,4.593608995402440921e-03
8.044021009886015428e-02,9.915012717446329837e-01,8.498443694647918670e-03
8.047458428473852621e-02,1.008303077081080801e+00,8.303358165442456876e-03
8.301646579089849709e-02,9.914390501147862800e-01,8.560838259088671826e-03
8.536024136224218406e-02,1.000715615931154767e+00,7.156623721939247076e-04
8.604424442877933732e-02,9.952233897430996512e-01,4.776574467651166500e-03
8.893953135497334461e-02,1.004789786648157879e+00,4.789798257463918733e-03
9.264551428235967556e-02,1.003336618450661799e+00,3.336621052869482781e-03
9.289206548402817454e-02,1.010375397091896499e+00,1.037539944257899298e-02
9.447400644998849017e-02,9.948998347948836418e-01,5.100163988547470016e-03
9.526680326044068003e-02,9.973012497761812867e-01,2.698749352933712490e-03
9.616686836641985536e-02,9.902123622483339771e-01,9.787637157823074127e-03
9.666518793649747643e-02,9.955570669195790146e-01,4.442932600761116332e-03
9.710258940868332633e-02,1.003773004533131674e+00,3.773004930448521990e-03
9.743883714158396714e-02,1.007569885822890976e+00,7.569886166453519000e-03
9.754985620906042598e-02,9.907783464307970966e-01,9.221653241776255061e-03
9.865936688526522058e-02,1.008696058999212664e+00,8.696059201056602697e-03
9.878072909380808397e-02,1.013556378396672342e+00,1.355637858804950927e-02
9.906644379105988829e-02,1.004134348863451542e+00,4.134349032237008906e-03
9.942410578045857150e-02,1.018767957981428829e+00,1.876795812558065824e-02
1.004980011203813195e-01,9.922621079195065308e-01,7.737891991035730256e-03
1.012368573566175822e-01,9.875534529026515074e-01,1.244654703311416991e-02
1.014290092610363736e-01,9.822127974520479254e-01,1.778720248904278739e-02
1.025787900283169352e-01,1.014960443079912844e+00,1.496044311489183078e-02
1.031376540033057676e-01,1.006543656536447839e+00,6.543656563540577176e-03
1.043359155380273462e-01,9.994441532753027824e-01,5.558467091045507166e-04
1.045653999490931962e-01,1.002799686249181255e+00,2.799686263198202830e-03
1.052810635413459206e-01,9.887451095169765836e-01,1.125489047298376503e-02
1.053399519518705141e-01,1.024457519786401649e+00,2.445751979616826374e-02
1.113359746674499329e-01,1.001292211819208022e+00,1.292211819752275099e-03
1.132139679478205707e-01,1.001093947945835616e+00,1.093947946048928928e-03
1.159788982237900390e-01,1.007257666238934757e+00,7.257666238986919954e-03
1.161229590067355266e-01,1.004810092317318659e+00,4.810092317367132761e-03
1.161613133059172798e-01,1.002238840242743789e+00,2.238840242791313717e-03
1.175006464047463339e-01,9.920952554455232386e-01,7.904744554453118840e-03
1.222167393893287546e-01,1.004714683571358069e+00,4.714683571359957505e-03
1.230124784681977390e-01,1.018820244964749211e+00,1.882024496475033851e-02
1.231327482687558650e-01,1.013454200461548771e+00,1.345420046154977706e-02
1.235404086320893713e-01,1.015931866266392980e+00,1.593186626639397224e-02
1.242086448586209313e-01,9.948878432356874635e-01,5.112156764311851301e-03
1.246502158715155906e-01,9.901039517974136173e-01,9.896048202585808543e-03
1.251861030597511970e-01,9.987421307990032027e-01,1.257869200996481395e-03
1.254955391105043727e-01,1.000557249122886683e+00,5.572491228869460656e-04
1.266759112217827887e-01,1.010941915184709439e+00,1.094191518470948553e-02
1.283242538855177139e-01,9.830753537028517064e-01,1.692464629714819299e-02
1.285679240306322191e-01,1.015295503194606042e+00,1.529550319460613698e-02
1.315606993780649159e-01,9.984199210142100656e-01,1.580078985789894327e-03
1.329042919220955188e-01,9.957311893005258430e-01,4.268810699474200401e-03
1.343721810528788474e-01,9.898789562473983006e-01,1.012104375260167513e-02
1.343953244888452803e-01,9.834514332813423243e-01,1.654856671865769305e-02
1.357735346639942220e-01,1.008231705839619075e+00,8.231705839619145662e-03
1.362440228777990203e-01,1.000733179671884132e+00,7.331796718840388923e-04
1.364065617174914369e-01,9.871003910025895056e-01,1.289960899741053948e-02
1.365992886200533274e-01,9.870492122793638190e-01,1.295078772063616192e-02
1.407352988339551914e-01,9.966421530070986856e-01,3.357846992901282294e-03
1.451506932144940309e-01,1.016690215252893825e+00,1.669021525289392932e-02
1.462795695606675661e-01,9.974040864863639166e-01,2.595913513636047797e-03
1.470774394619673853e-01,9.849685704688189158e-01,1.503142953118106161e-02
1.483703915031543419e-01,9.975425693591405407e-01,2.457430640859443235e-03
1.492553504491350713e-01,9.972727643025233180e-01,2.727235697476705027e-03
1.493131633688844495e-01,9.730311335705842390e-01,2.696886642941571585e-02
1.495569535641243508e-01,9.994570513348218777e-01,5.429486651781221303e-04
1.499850353433559436e-01,9.976906546979131818e-01,2.309345302086779610e-03
1.505030405770961810e-01,1.006962063648134231e+00,6.962063648134183581e-03
1.507326029170329429e-01,1.018489560949453532e+00,1.848956094945345199e-02
1.513363164540575401e-01,1.011265650295477547e+00,1.126565029547757328e-02
1.527369697194087550e-01,9.973111130944516400e-01,2.688886905548305752e-03
1.528463872354736131e-01,9.889347409125832655e-01,1.106525908741670325e-02
1.571928097546498870e-01,1.025733598032498639e+00,2.573359803249860439e-02
1.585600787275288637e-01,1.000592184340144852e+00,5.921843401448825773e-04
1.590013738943829580e-01,1.000139292919129508e+00,1.392929191294620280e-04
1.593838608422956105e-01,9.997587491288999484e-01,2.412508711000327735e-04
1.594072331410457677e-01,1.001980847607678582e+00,1.980847607678549397e-03
1.600170418566240205e-01,9.985563958807606166e-01,1.443604119239424782e-03
1.617969038174854601e-01,9.942633799311976217e-01,5.736620068802362679e-03
1.622639599814806877e-01,9.945314105875960875e-01,5.468589412403921171e-03
1.626693305652751054e-01,9.996724672978399839e-01,3.275327021599838640e-04
1.653005035449643945e-01,9.945657522886623969e-01,5.434247711337649930e-03
1.654285358877768397e-01,9.928715421732283719e-01,7.128457826771643704e-03
1.654984592614513472e-01,1.001064302276919005e+00,1.064302276918968268e-03
1.663242421744554056e-01,9.974502278257914023e-01,2.549772174208552594e-03
1.674839777585999112e-01,1.015039929885826808e+00,1.503992988582688629e-02
1.675767295467173179e-01,9.734903019160698889e-01,2.650969808393012148e-02
1.707207873987492963e-01,1.010915068519224524e+00,1.091506851922461815e-02
1.710824800388359712e-01,1.012460851924976257e+00,1.246085192497629023e-02
1.728237479133003518e-01,9.792660976759185454e-01,2.073390232408149625e-02
1.741137479585891379e-01,9.965731240591965134e-01,3.426875940803487865e-03
1.775118645205928658e-01,9.962855913400421315e-01,3.714408659957914478e-03
1.788053113885458290e-01,9.859248830528217766e-01,1.407511694717821296e-02
1.789646551159838062e-01,9.922218331240912903e-01,7.778166875908753067e-03
1.798177578334829718e-01,9.888942415453416679e-01,1.110575845465828874e-02
1.801459399694943508e-01,1.017522704434236314e+00,1.752270443423622689e-02
1.824724359907916593e-01,1.009356783931474544e+00,9.356783931474611446e-03
1.844230402888287212e-01,1.012715550949941479e+00,1.271555094994158801e-02
1.856642030211842487e-01,1.007216720640432328e+00,7.216720640432351501e-03
1.862520138365834077e-01,9.887094822878277345e-01,1.129051771217229154e-02
1.867932541445642691e-01,9.947547973372022900e-01,5.245202662797736858e-03
1.895159375151982406e-01,1.004893745612279288e+00,4.893745612279181041e-03
1.895964659874418423e-01,9.877787219110805150e-01,1.222127808891945375e-02
1.899015181719292400e-01,1.007129984301723846e+00,7.129984301723880924e-03
1.917681844836096605e-01,9.975967460184186342e-01,2.403253981581350215e-03
1.928910045446733390e-01,9.962517919245039710e-01,3.748208075495975192e-03
1.943905731109442092e-01,1.007109599682034951e+00,7.109599682034914957e-03
1.947480155888783315e-01,1.004442633114860373e+00,4.442633114860397754e-03
1.947620927860486129e-01,9.963903383418092341e-01,3.609661658190799292e-03
1.955096227767436634e-01,1.011593298033642396e+00,1.159329803364248131e-02
1.955847840897196876e-01,9.891893667240010402e-01,1.081063327599897372e-02
1.962031424565437998e-01,1.006159356069442623e+00,6.159356069442637784e-03
1.966832819535632160e-01,1.005931012579683870e+00,5.931012579683837653e-03
1.970208098626344828e-01,9.969045356068600983e-01,3.095464393139903039e-03
1.979356832121336174e-01,1.003261330222421144e+00,3.261330222421179783e-03
1.986165881633793484e-01,9.874888642361470126e-01,1.251113576385302906e-02
2.001744485715397648e-01,1.009240270192069078e+00,9.240270192069010083e-03
2.015008599383364407e-01,9.981509786355701186e-01,1.849021364429890299e-03
2.018811777994687917e-01,9.947727697948095527e-01,5.227230205190395301e-03
2.022863857422242395e-01,1.010490092258368833e+00,1.049009225836889346e-02
2.035504693146319433e-01,9.929565630945723642e-01,7.043436905427592418e-03
2.056590260891896227e-01,9.859153870363643879e-01,1.408461296363559649e-02
2.057795229794237013e-01,9.844337082647609538e-01,1.556629173523903752e-02
2.082103402157455818e-01,1.006060099513456318e+00,6.060099513456396539e-03
2.082235422511787837e-01,9.871957064750371824e-01,1.280429352496283146e-02
2.114577686913428067e-01,1.017547941819843649e+00,1.754794181984364529e-02
2.114984688183093597e-01,9.791807059211627973e-01,2.081929407883722008e-02
2.119498510627989551e-01,1.016964563682900335e+00,1.696456368290038402e-02
2.139145428640613078e-01,1.002110174672026233e+00,2.110174672026184084e-03
2.153021276348942026e-01,9.990328688812960545e-01,9.671311187039239492e-04
2.153827404157090397e-01,9.945508091319105182e-01,5.449190868089497444e-03
2.155424585204364085e-01,1.003991361143520722e+00,3.991361143520708900e-03
2.162854018547102353e-01,9.996236529757515088e-01,3.763470242484836669e-04
2.164780310174123645e-01,1.011033018820165275e+00,1.103301882016521560e-02
2.195947079606312968e-01,1.001142276486620464e+00,1.142276486620396551e-03
2.196687703667984382e-01,1.001503017614618685e+00,1.503017614618775951e-03
2.205047705085072529e-01,9.963638778778614036e-01,3.636122122138558694e-03
2.242315434312424083e-01,9.994305437627892807e-01,5.694562372106745825e-04
2.245732913446808476e-01,1.003078017688920687e+00,3.078017688920591747e-03
2.252804685926258488e-01,9.828983160734336977e-01,1.710168392656625722e-02
2.252922342096989050e-01,9.865181457789429231e-01,1.348185422105713065e-02
2.258425162007581255e-01,1.007432640940227220e+00,7.432640940227150383e-03
2.264183620289578203e-01,1.001708654381279429e+00,1.708654381279418617e-03
2.266931835948874374e-01,9.981601666364732228e-01,1.839833363526791271e-03
2.284557300118539303e-01,1.000184339330653982e+00,1.843393306539315877e-04
2.325022025580424367e-01,1.003475817053616659e+00,3.475817053616710433e-03
2.353339348854167623e-01,9.946024031969064039e-01,5.397596803093615211e-03
2.398484087111084628e-01,9.922169527459768767e-01,7.783047254023126721e-03
2.414934294846707852e-01,1.001958452550976819e+00,1.958452550976815670e-03
2.417946924047730262e-01,9.902162722238496695e-01,9.783727776150320105e-03
2.422800620802562088e-01,1.004082527557144777e+00,4.082527557144718239e-03
2.452128484765894179e-01,9.829741639576216050e-01,1.702583604237840539e-02
2.470633769449046557e-01,1.010291556373256405e+00,1.029155637325643649e-02
2.473485692399775004e-01,1.004725974824130397e+00,4.725974824130430539e-03
2.476429208909457502e-01,1.002560297343138673e+00,2.560297343138756565e-03
2.477888322402461707e-01,1.009826909839455222e+00,9.826909839455139073e-03
2.494792436395644186e-01,1.016654744444625669e+00,1.665474444462576586e-02
2.499064077299103515e-01,1.010143700650181220e+00,1.014370065018130491e-02
2.501684636242813564e-01,9.815912576866835382e-01,1.840874231331645489e-02
2.504315107287502506e-01,9.872042303326429291e-01,1.279576966735701538e-02
2.523128508188642316e-01,9.937518142230432616e-01,6.248185776956788687e-03
2.539055415106308278e-01,1.000260910502108302e+00,2.609105021083378659e-04
2.543467549680519246e-01,1.005176590204691189e+00,5.176590204691230122e-03
2.546314221508934050e-01,9.927425618684653230e-01,7.257438131534656167e-03
2.553658820133539731e-01,1.001867667644770865e+00,1.867667644770783361e-03
2.555450021865889321e-01,9.924461706764667879e-01,7.553829323533226003e-03
2.568491303103646040e-01,9.938848219700805453e-01,6.115178029919482450e-03
2.571085682770175573e-01,9.859333890315177262e-01,1.406661096848222346e-02
2.584656548435024792e-01,9.907676675388910059e-01,9.232332461109042654e-03
2.584798323695861599e-01,9.864831539438366770e-01,1.351684605616333690e-02
2.586004296880383135e-01,9.902412674702266715e-01,9.758732529773326766e-03
2.587361246045031260e-01,1.010536417966078293e+00,1.053641796607839541e-02
2.610803378533335106e-01,9.905060111116805732e-01,9.493988888319430247e-03
2.614106375316074260e-01,1.026323820648373797e+00,2.632382064837390789e-02
2.647969838413429811e-01,1.004933179008808963e+00,4.933179008808892194e-03
2.660391601813931750e-01,1.001848361236948648e+00,1.848361236948739030e-03
2.678236987708331185e-01,9.914164221981878189e-01,8.583577801812136004e-03
2.683056115949823406e-01,1.007003098794089890e+00,7.003098794089913752e-03
2.688003008260680948e-01,9.942436217376222629e-01,5.756378262377739689e-03
2.691205072970552781e-01,1.001220098146453630e+00,1.220098146453614399e-03
2.696661605269131678e-01,1.025600845382687920e+00,2.560084538268794785e-02
2.704896787893752430e-01,9.990394010027534577e-01,9.605989972464987117e-04
2.715639653401499265e-01,1.011492733262856714e+00,1.149273326285675870e-02
2.722088366183186281e-01,9.929682357487411570e-01,7.031764251258874193e-03
2.723088236921787919e-01,9.996501150950304337e-01,3.498849049696169979e-04
2.730150493066566542e-01,1.017708006356355055e+00,1.770800635635510004e-02
2.753434579877026556e-01,9.937303294221223604e-01,6.269670577877674289e-03
2.756544301204175706e-01,1.018124485579969374e+00,1.812448557996928708e-02
2.767662866781702702e-01,1.007077519354554695e+00,7.077519354554754477e-03
2.773199210378727297e-01,9.943753322410573414e-01,5.624667758942676794e-03
2.773642405274763245e-01,1.006324077390555294e+00,6.324077390555209698e-03
2.774593555700360925e-01,1.009725544496267391e+00,9.725544496267298986e-03
2.778751536146329970e-01,1.006218099622171902e+00,6.218099622171964491e-03
2.781575016346897744e-01,9.842977528010954380e-01,1.570224719890456547e-02
2.788640305206383507e-01,9.927286282417513430e-01,7.271371758248685625e-03
2.871432537503576521e-01,9.975248136444849756e-01,2.475186355515047402e-03
2.877098713769294935e-01,9.992556657089994854e-01,7.443342910004629087e-04
2.881172657070930621e-01,1.006206720975506785e+00,6.206720975506780161e-03
2.889177849563507872e-01,1.001777010009332614e+00,1.777010009332538306e-03
2.897593962309396032e-01,9.866465564128990007e-01,1.335344358710101320e-02
2.899286279103953090e-01,1.003801978510059589e+00,3.801978510059632246e-03
2.921255779999132329e-01,1.006105857452838315e+00,6.105857452838231447e-03
2.924026104946142457e-01,1.005597904479310412e+00,5.597904479310398564e-03
2.925937077222940941e-01,1.010807807255546198e+00,1.080780725554621874e-02
2.931895173437618629e-01,1.008339221545488940e+00,8.339221545489040183e-03
2.950335682207283483e-01,1.004591800792284273e+00,4.591800792284366634e-03
2.969205727705169773e-01,9.992983428854135264e-01,7.016571145864702571e-04
2.974976114674818817e-01,9.833903906648401305e-01,1.660960933515991458e-02
2.978670835767072145e-01,1.004296182191325881e+00,4.296182191325858754e-03
2.988994297872257233e-01,1.002076876871631050e+00,2.076876871631111541e-03
2.989264502737951634e-01,1.002715788371953742e+00,2.715788371953734535e-03
2.992630349715001969e-01,9.872325142417969213e-01,1.276748575820309435e-02
3.015777158036113681e-01,9.891894345959173496e-01,1.081056540408262441e-02
3.023529238004588615e-01,1.010531528533328949e+00,1.053152853332903552e-02
3.024785664748764757e-01,9.996044484614334813e-01,3.955515385665504141e-04
3.040232459440196378e-01,1.006815006973726279e+00,6.815006973726243922e-03
3.052195957410976934e-01,1.000283183761304651e+00,2.831837613046117477e-04
3.058668423855154250e-01,1.000297561394957402e+00,2.975613949574518950e-04
3.072850066144989789e-01,1.009382838059760035e+00,9.382838059759977464e-03
3.073101054927208642e-01,9.948395527178263142e-01,5.160447282173739533e-03
3.103500933948378782e-01,1.000961207769409889e+00,9.612077694098336436e-04
3.105588221858777143e-01,9.953772471129496147e-01,4.622752887050425238e-03
3.120248151013708116e-01,9.956550377256768725e-01,4.344962274323156161e-03
3.134953577322493468e-01,9.969082787653136268e-01,3.091721234686393982e-03
3.148291554489967004e-01,1.002221337716337146e+00,2.221337716337128381e-03
3.155624525640038369e-01,9.952125137833651713e-01,4.787486216634773140e-03
3.157017425753079198e-01,1.012557561255735150e+00,1.255756125573520739e-02
3.175424933324456633e-01,9.910539269778049221e-01,8.946073022195039776e-03
3.186143475067704234e-01,9.981312835583864285e-01,1.868716441613590398e-03
3.189194710962087731e-01,9.956026894172582686e-01,4.397310582741749581e-03
3.197872413561526628e-01,1.014469778843537284e+00,1.446977884353732938e-02
3.198970610720321961e-01,1.001965547765115705e+00,1.965547765115746148e-03
3.201864913859362449e-01,1.010318445394686293e+00,1.031844539468634858e-02
3.203335735654757599e-01,9.851443962696302403e-01,1.485560373036971978e-02
3.207839389376804240e-01,1.002670502658692619e+00,2.670502658692588266e-03
3.208503850408609415e-01,1.008896307956234306e+00,8.896307956234370332e-03
3.235733905180661063e-01,1.000822839892754335e+00,8.228398927542418572e-04
3.236590341351630595e-01,1.010654803750653530e+00,1.065480375065351246e-02
3.266543383876218121e-01,9.948271154989962728e-01,5.172884501003722005e-03
3.273531034307072263e-01,1.014093474401855710e+00,1.409347440185579857e-02
3.274624658818731104e-01,1.022988981236192529e+00,2.298898123619250167e-02
3.275213039793676284e-01,9.963716143956033999e-01,3.628385604396590532e-03
3.286553394727804722e-01,9.955449747859922427e-01,4.455025214007718275e-03
3.288567720251033277e-01,1.014533844771176918e+00,1.453384477117701003e-02
3.291902472071673857e-01,1.015795721457307232e+00,1.579572145730712487e-02
3.297047517726324761e-01,9.947713997284672871e-01,5.228600271532683405e-03
3.301986390362181556e-01,9.957981318290414219e-01,4.201868170958572915e-03
3.302053326288952873e-01,9.971821539113949751e-01,2.817846088605072217e-03
3.304744750483940008e-01,9.865554948896572141e-01,1.344450511034277033e-02
3.305086844309242933e-01,9.908134805351580532e-01,9.186519464841983243e-03
3.306064942228255088e-01,9.899585923324792924e-01,1.004140766752067808e-02
3.317852380814928503e-01,9.923220243489586645e-01,7.677975651041284329e-03
3.319715831864554767e-01,9.996531511261321779e-01,3.468488738678117953e-04
3.333669430494554664e-01,1.002342147325365307e+00,2.342147325365207585e-03
3.342956143689723714e-01,1.015505004928140664e+00,1.550500492814076842e-02
3.365898373484126349e-01,9.900164595926120858e-01,9.983540407387910681e-03
3.398907771778735265e-01,1.009843223984765892e+00,9.843223984765838222e-03
3.400222027249598655e-01,9.978601115577448999e-01,2.139888442255089701e-03
3.411514969475325509e-01,9.995053629034756915e-01,4.946370965243294645e-04
3.416301001186405895e-01,1.006748194921666117e+00,6.748194921666037654e-03
3.440367999807892874e-01,9.887727797843770539e-01,1.122722021562298604e-02
3.450129746822796495e-01,1.003824097461840426e+00,3.824097461840506203e-03
3.454140839299177923e-01,1.001664522082130526e+00,1.664522082130560909e-03
3.456515576441829829e-01,1.004924512640081424e+00,4.924512640081491095e-03
3.486908838360770480e-01,1.002891686439078223e+00,2.891686439078181015e-03
3.490282235714737835e-01,1.024553001399108876e+00,2.455300139910894172e-02
3.492212813528214888e-01,9.936226001574868238e-01,6.377399842513159674e-03
3.496118179467022635e-01,9.946900304499818324e-01,5.309969550018176290e-03
3.498597341545049977e-01,9.937685947357524086e-01,6.231405264247643488e-03
3.511590745756922871e-01,9.944452288083974745e-01,5.554771191602546343e-03
3.512314034308066102e-01,9.936261287269347875e-01,6.373871273065176944e-03
3.518623916826029152e-01,1.011890165311075451e+00,1.189016531107551893e-02
3.521212720720302558e-01,1.014205042479898511e+00,1.420504247989854904e-02
3.524023051302195286e-01,9.942925370625051995e-01,5.707462937494763196e-03
3.530909063955087746e-01,9.916764442689577352e-01,8.323555731042287312e-03
3.535237467169026759e-01,1.004714155563864120e+00,4.714155563864040784e-03
3.565317538680514708e-01,9.944777695571902498e-01,5.522230442809712876e-03
3.567832210224048950e-01,1.006329318177554999e+00,6.329318177555108213e-03
3.570568673703509166e-01,1.002029230208512978e+00,2.029230208512997156e-03
3.584564466003248295e-01,9.848425588500276939e-01,1.515744114997231995e-02
3.592924772278268675e-01,1.015475052013300683e+00,1.547505201330061711e-02
3.601197432413173471e-01,1.017958776730955250e+00,1.795877673095521918e-02
3.614411724097890133e-01,9.938721130951561067e-01,6.127886904843862087e-03
3.631933494302950205e-01,9.961229844006401768e-01,3.877015599359841420e-03
3.638070026901750742e-01,1.002858653907249042e+00,2.858653907249049820e-03
3.642943937011415834e-01,1.003344567899870254e+00,3.344567899870250043e-03
3.650211431351138014e-01,1.006585442726728230e+00,6.585442726728304649e-03
3.665924232964051788e-01,1.020102045387663470e+00,2.010204538766349747e-02
3.666112781923674957e-01,9.982305277250594910e-01,1.769472274940493998e-03
3.679693957641100299e-01,9.920170275546155159e-01,7.982972445384537916e-03
3.688899154150173665e-01,9.862068077198546945e-01,1.379319228014527256e-02
3.692967813940717381e-01,9.926906996005807615e-01,7.309300399419190776e-03
3.699458816361319569e-01,9.996687302712620182e-01,3.312697287379709303e-04
3.701299843262315648e-01,1.017945578635177872e+00,1.794557863517787580e-02
3.714395864304819161e-01,9.948238870096383080e-01,5.176112990361714586e-03
3.721417250205414362e-01,1.002237879516388874e+00,2.237879516388984868e-03
3.741542671630441186e-01,9.998357710392724584e-01,1.642289607275207453e-04
3.742811473288678581e-01,1.011883932734480851e+00,1.188393273448084056e-02
3.745259089020329668e-01,1.025269324258736292e+00,2.526932425873621574e-02
3.754797163513649005e-01,9.946913122707967680e-01,5.308687729203206800e-03
3.755718738979461069e-01,9.951056055748177531e-01,4.894394425182221724e-03
3.765618924497915465e-01,1.010441608770690669e+00,1.044160877069072110e-02
3.768759793916456324e-01,1.006818914896263184e+00,6.818914896263114644e-03
3.809463316292035495e-01,1.018467073257360411e+00,1.846707325736033495e-02
3.821411861891672590e-01,1.005839281853259548e+00,5.839281853259639145e-03
3.822806078928090434e-01,9.964070790921294440e-01,3.592920907870595423e-03
3.835773328787757119e-01,1.005906548306923165e+00,5.906548306923093024e-03
3.846500075724620382e-01,1.011087035805829037e+00,1.108703580582907737e-02
3.846833604032054987e-01,1.008204821811973684e+00,8.204821811973640397e-03
3.858782068395060216e-01,1.005072740311073076e+00,5.072740311072977334e-03
3.863960650462219260e-01,1.010666746895891643e+00,1.066674689589153929e-02
3.872646201973612978e-01,1.011692955904456737e+00,1.169295590445672793e-02
3.877931830283309900e-01,1.013821589910375298e+00,1.382158991037527214e-02
3.886326805011085517e-01,1.006487098875896491e+00,6.487098875896426739e-03
3.896204404099480323e-01,9.983288191968314740e-01,1.671180803168543583e-03
3.896590044172775213e-01,1.001467136864333307e+00,1.467136864333228432e-03
3.897302201579972980e-01,1.012065089665083573e+00,1.206508966508356914e-02
3.900456165873803505e-01,9.918306432901276004e-01,8.169356709872361427e-03
3.907746393061514167e-01,1.003686733088728911e+00,3.686733088729011749e-03
3.918083043752342842e-01,9.960666118767264043e-01,3.933388123273606936e-03
3.934747126470858891e-01,1.000287448229348231e+00,2.874482293481748813e-04
3.939947418438644045e-01,1.012784518626072883e+00,1.278451862607298678e-02
3.946525655536985422e-01,1.001910990680199065e+00,1.910990680199033381e-03
3.950883666050745147e-01,1.000464365481561479e+00,4.643654815614881178e-04
3.953396504169488512e-01,9.864014385902007964e-01,1.359856140979919317e-02
3.957915672457825718e-01,1.007462535660272218e+00,7.462535660272206876e-03
3.958689967790680608e-01,1.006454841811410761e+00,6.454841811410753916e-03
3.972509988298750239e-01,1.021632547233054522e+00,2.163254723305460189e-02
3.978792258583729868e-01,9.969222176504699551e-01,3.077782349530008496e-03
3.979619614625806712e-01,1.002191503276639306e+00,2.191503276639389809e-03
4.008554648514761620e-01,1.002493836837107466e+00,2.493836837107552690e-03
4.011057602765550900e-01,1.015774532797634855e+00,1.577453279763474381e-02
4.022159247882397537e-01,9.990470446761304801e-01,9.529553238695209500e-04
4.031401901900225626e-01,1.002790215257703288e+00,2.790215257703392449e-03
4.041089634360033322e-01,1.006078965097165323e+00,6.078965097165392462e-03
4.043109991974001005e-01,1.001866091231563560e+00,1.866091231563581088e-03
4.058379287736429974e-01,9.955356638544947678e-01,4.464336145505282474e-03
4.061788715243429548e-01,1.001940899928983164e+00,1.940899928983075848e-03
4.061810449868885620e-01,1.010736317498597714e+00,1.073631749859772083e-02
4.086642155702945312e-01,9.897348470058894288e-01,1.026515299411060247e-02
4.088543736153658070e-01,1.001329696741468656e+00,1.329696741468759874e-03
4.092020494561433575e-01,9.929987918506082423e-01,7.001208149391732576e-03
4.125530732997381156e-01,1.011950466289248451e+00,1.195046628924842542e-02
4.125564170575869438e-01,9.847681309521622017e-01,1.523186904783774796e-02
4.137476770424731720e-01,9.944107815272841266e-01,5.589218472715883762e-03
4.151989847084263108e-01,1.003772118750645204e+00,3.772118750645208837e-03
4.153107905054465032e-01,1.015655240292343331e+00,1.565524029234340378e-02
4.174679399930408819e-01,9.993424973892701679e-01,6.575026107298780412e-04
4.205328914287482789e-01,9.944480047330680472e-01,5.551995266931984002e-03
4.207583792308381421e-01,1.018811570694405866e+00,1.881157069440590052e-02
4.218219496093671417e-01,9.855198609958375489e-01,1.448013900416244074e-02
4.249960034412030296e-01,9.780119404337991318e-01,2.198805956620081964e-02
4.258225306832326140e-01,1.004400144500533276e+00,4.400144500533323920e-03
4.268065452153486650e-01,9.949794577564738951e-01,5.020542243526111836e-03
4.277995104241752999e-01,9.897876718286928721e-01,1.021232817130713309e-02
4.297393734972037027e-01,1.007083564472993631e+00,7.083564472993533756e-03
4.302158929527830633e-01,1.002438007137711917e+00,2.438007137711988362e-03
4.318212813928143934e-01,9.943592136926326930e-01,5.640786307367283599e-03
4.335474203561310302e-01,9.871969560132910493e-01,1.280304398670894378e-02
4.347881751143577445e-01,1.008724573282801407e+00,8.724573282801446547e-03
4.352777103295282224e-01,1.006502011779586647e+00,6.502011779586609926e-03
4.360762437563042715e-01,9.990082413622061175e-01,9.917586377938291710e-04
4.363272968874195579e-01,1.018466369960476570e+00,1.846636996047665985e-02
4.366884379004210004e-01,9.892991523367384854e-01,1.070084766326152674e-02
4.369318175719071329e-01,9.847447482907526473e-01,1.525525170924738917e-02
4.377922098554649644e-01,9.930809193011875813e-01,6.919080698812444738e-03
4.387665659972482812e-01,9.995441398364449670e-01,4.558601635549780354e-04
4.406041289993861687e-01,1.002433394493226881e+00,2.433394493226918257e-03
4.409052559708047658e-01,9.975876394214366893e-01,2.412360578563298944e-03
4.409954714908275175e-01,1.003520553965143058e+00,3.520553965142968200e-03
4.411232381265270952e-01,9.874846057580956016e-01,1.251539424190444005e-02
4.412966269997511404e-01,1.014437646040732499e+00,1.443764604073259454e-02
4.440639397410131028e-01,9.991784882160743564e-01,8.215117839256880650e-04
4.453056297472374192e-01,1.011172958315881276e+00,1.117295831588127619e-02
4.476900328251406380e-01,1.003427253463777147e+00,3.427253463777041407e-03
4.480783389296274510e-01,1.004567532191537937e+00,4.567532191537839424e-03
4.501426890130090230e-01,1.005697672802322140e+00,5.697672802322039515e-03
4.504197813684565066e-01,1.004477085600173236e+00,4.477085600173149466e-03
4.506760365779520772e-01,1.006427227598675422e+00,6.427227598675438851e-03
4.515764952759346862e-01,1.013291525301324381e+00,1.329152530132431467e-02
4.522908054775667264e-01,1.001965211697014801e+00,1.965211697014701293e-03
4.541226388179367968e-01,1.007090037575885111e+00,7.090037575885122997e-03
4.549922122569171057e-01,9.991026430571277039e-01,8.973569428722672197e-04
4.558196913007175333e-01,1.014401172154494768e+00,1.440117215449472805e-02
4.559317350022854543e-01,9.932360769794073008e-01,6.763923020592697496e-03
4.573377912072048579e-01,1.018009404329108136e+00,1.800940432910815708e-02
4.599909740848306949e-01,9.995984204935565165e-01,4.015795064434341173e-04
4.617303034141471141e-01,9.856922489788195740e-01,1.430775102118048148e-02
4.653252180907246904e-01,1.001281044149107791e+00,1.281044149107892762e-03
4.671799174571886759e-01,9.931894834252511517e-01,6.810516574748808408e-03
4.673014663536561031e-01,1.008406435489887176e+00,8.406435489887240445e-03
4.678176489956884510e-01,9.934737602069760865e-01,6.526239793023909212e-03
4.685059863669274183e-01,9.955381656678522484e-01,4.461834332147797573e-03
4.756887055204293002e-01,9.811045926905447301e-01,1.889540730945531155e-02
4.764914012423997480e-01,9.954769368075092606e-01,4.523063192490767159e-03
4.772212846164732847e-01,9.757612067337104733e-01,2.423879326628956832e-02
4.779237642484442938e-01,9.841609717651427225e-01,1.583902823485723241e-02
4.779447043842250942e-01,1.007604146561442926e+00,7.604146561442973705e-03
4.787019062268991210e-01,1.007858001586508401e+00,7.858001586508322686e-03
4.800869369814194654e-01,1.004254575617849587e+00,4.254575617849647336e-03
4.815961778183308617e-01,9.903302385687078324e-01,9.669761431292129422e-03
4.820246096952841564e-01,9.995228864385802270e-01,4.771135614197985464e-04
4.833910764932562998e-01,9.999639746090943637e-01,3.602539090568404454e-05
4.851982379646441190e-01,9.884163531080745191e-01,1.158364689192542714e-02
4.870792923045244027e-01,1.015033983017671559e+00,1.503398301767150565e-02
4.872466881016144225e-01,1.008773622905756673e+00,8.773622905756714441e-03
4.902397618437467353e-01,9.977903582617033695e-01,2.209641738296639572e-03
4.904832304937344345e-01,1.000268858389945281e+00,2.688583899453077805e-04
4.909001254914666657e-01,1.002083828079475492e+00,2.083828079475524928e-03
4.927052305427758183e-01,9.795826513157570581e-01,2.041734868424290722e-02
4.933229818546012169e-01,9.975282261747940860e-01,2.471773825205969121e-03
4.934194303793145719e-01,9.931801575200219778e-01,6.819842479977985747e-03
4.935807597529775492e-01,9.899837999010508982e-01,1.001620009894915557e-02
4.938227410215682012e-01,9.971889970711405038e-01,2.811002928859549117e-03
4.947687924664222470e-01,1.017976865268495290e+00,1.797686526849522765e-02
4.986074520142779187e-01,1.006408428612669992e+00,6.408428612670098549e-03
4.989528323826289968e-01,9.942882101021720542e-01,5.711789897827968324e-03
4.994488816532560715e-01,1.005725827813561679e+00,5.725827813561586328e-03
