-4.996234594046838895e-01,9.916714999319679036e-01,4.967141530112326869e-03
-4.990594861667010385e-01,9.854720914131688270e-01,1.382643011711846576e-03
-4.989614047273270847e-01,9.933578395370482594e-01,6.476885381006924729e-03
-4.983774137380116986e-01,1.002267780004116204e+00,1.523029856408025448e-02
-4.975973913837071771e-01,9.849061047841219940e-01,2.341533747233359632e-03
-4.975531455927583169e-01,9.849182267717072614e-01,2.341369569491805538e-03
-4.955499672583741910e-01,1.003597169222064656e+00,1.579212815507391454e-02
-4.925986034857411378e-01,9.962969926318768765e-01,7.674347291529087962e-03
-4.912570024653472034e-01,9.843048013755197889e-01,4.694743859349521584e-03
-4.859892285368541121e-01,9.959342535543752595e-01,5.425600435859647026e-03
-4.857866981044367538e-01,9.859333698500947207e-01,4.634176928124622563e-03
-4.843297214779869186e-01,9.863356997412614513e-01,4.657297535702568589e-03
-4.841263501128357793e-01,9.934722496869726749e-01,2.419622715660341063e-03
-4.830831557944343935e-01,9.722266055461209477e-01,1.913280244657798029e-02
-4.809786338494093094e-01,9.747335889970234479e-01,1.724917832513032934e-02
-4.809288417700710028e-01,9.863747100663340373e-01,5.622875292409726909e-03
-4.806053002768717608e-01,9.819656356043215961e-01,1.012831120334423823e-02
-4.803786564552455784e-01,9.953040001583738361e-01,3.142473325952738986e-03
-4.802367981961465082e-01,9.831236173664722466e-01,9.080240755212109702e-03
-4.774078817309437284e-01,9.789299807172603396e-01,1.412303701335291574e-02
-4.758773351610274815e-01,1.008172659996761755e+00,1.465648768921554157e-02
-4.750377372900440598e-01,9.915135074591507891e-01,2.257763004865356686e-03
-4.749943055405437820e-01,9.944597676471796932e-01,6.752820468792383691e-04
-4.747969332791839303e-01,9.795970821796554651e-01,1.424748186213456794e-02
-4.722557828814404335e-01,9.891774926145598945e-01,5.443827245251826701e-03
-4.688357603639905502e-01,9.967844596690311754e-01,1.109225897098660906e-03
-4.671634937149573563e-01,9.846836522756712284e-01,1.150993577422302835e-02
-4.638687544478191649e-01,1.000976542968109673e+00,3.756980183456719476e-03
-4.637822323620850451e-01,9.912401906055958722e-01,6.006386899188050250e-03
-4.637544099896273586e-01,9.943383276566313267e-01,2.916937497932768023e-03
-4.624049889038003291e-01,9.916599438615477657e-01,6.017066122293968956e-03
-4.588074853692113431e-01,1.017327081373201381e+00,1.852278184508937900e-02
-4.587933725256589934e-01,9.986737559061071856e-01,1.349722473793392029e-04
-4.587652188664284036e-01,9.882404536240407822e-01,1.057710928955900298e-02
-4.563004399574062120e-01,1.007816922043120345e+00,8.225449121031890368e-03
-4.562782316286863038e-01,9.873900124588386173e-01,1.220843649971022245e-02
-4.500398824767017913e-01,1.003645894016083284e+00,2.088635950047554226e-03
-4.493783362526229119e-01,9.821679279106126925e-01,1.959670123879775697e-02
-4.486339004454950041e-01,9.887159761181266715e-01,1.328186048898430567e-02
-4.483569246050687074e-01,1.004053172926464343e+00,1.968612358691235360e-03
-4.479273817142344072e-01,1.009603670296697286e+00,7.384665799954104153e-03
-4.474637970937352938e-01,1.004077713403538574e+00,1.713682811899705028e-03
-4.467766894224288743e-01,1.001422350951869378e+00,1.156482823882405350e-03
-4.467238273026531425e-01,9.995843147830740794e-01,3.011036955892887768e-03
-4.457170610035922076e-01,9.881244917284092155e-01,1.478521990367427479e-02
-4.427678076396247553e-01,9.966292991332090789e-01,7.198442083947086470e-03
-4.406016534504691995e-01,9.998923460037412170e-01,4.606387709597875232e-03
-4.377838657231417629e-01,1.015937737457452084e+00,1.057122226218915745e-02
-4.357696401634657546e-01,1.009418949625120243e+00,3.436182895684614016e-03
-4.354888159436747230e-01,9.884379877688255212e-01,1.763040155362733882e-02
-4.342844425890050042e-01,1.009675569108666515e+00,3.240839693947950018e-03
-4.340984466280393139e-01,1.002640352624188269e+00,3.850822804163165584e-03
-4.336362004337896980e-01,9.998620835626677028e-01,6.769220003059587577e-03
-4.335970685726230345e-01,1.012759918919282187e+00,6.116762888408678635e-03
-4.316622892296763103e-01,1.017537106655271417e+00,1.030999522495950997e-02
-4.303016833581494449e-01,1.016948032826839210e+00,9.312801191161986306e-03
-4.301092603000634673e-01,9.993005972117506852e-01,8.392175232226385673e-03
-4.299009028929917653e-01,1.004662903655485051e+00,3.092123758512145895e-03
-4.293577301811821734e-01,1.011229704912526062e+00,3.312634314035639571e-03
-4.290238732295561519e-01,1.017771937921704728e+00,9.755451271223592249e-03
-4.280181625563521663e-01,1.003523365374908272e+00,4.791742378452899971e-03
-4.269888953697728029e-01,1.006762758116857670e+00,1.856589766638171201e-03
-4.264745447734912265e-01,9.977074974012511976e-01,1.106334974006028225e-02
-4.249892071132179705e-01,9.972442000711955190e-01,1.196206624080670827e-02
-4.249171180973730921e-01,1.017352576674553699e+00,8.125258223941981064e-03
-4.242804071271141231e-01,1.022975326537432617e+00,1.356240028570823014e-02
-4.240067991248115398e-01,1.008772400165222960e+00,7.201012158033385331e-04
-4.230721907004140192e-01,1.019798796341250702e+00,1.003532897892024135e-02
-4.230061328778316199e-01,1.013398928881288352e+00,3.616360250476341378e-03
-4.227517587827299694e-01,1.003404862779025297e+00,6.451197546051242945e-03
-4.224090591024597385e-01,1.013568867013222352e+00,3.613956055084139272e-03
-4.222807069535342572e-01,1.025372251967907378e+00,1.538036566465969188e-02
-4.215085108407470305e-01,1.009855526101104406e+00,3.582603910995154056e-04
-4.208658035614916137e-01,1.026044180541935136e+00,1.564643655814006162e-02
-4.173200788016409035e-01,9.852026455740509059e-01,2.619745104089744522e-02
-4.157012009128553398e-01,1.020069361319684509e+00,8.219025043752239273e-03
-4.149587914698392721e-01,1.012925655622280097e+00,8.704706823817121497e-04
-4.138064540382815348e-01,1.009380984424871563e+00,2.990073504658674001e-03
-4.137356808589293111e-01,1.013307981806528479e+00,9.176077653550230358e-04
-4.125028142993437674e-01,9.928495852248734321e-01,1.987568914600892911e-02
-4.122601243082586464e-01,1.010594123405906819e+00,2.196718878375119449e-03
-4.121610312436400081e-01,1.016388705949166527e+00,3.571125715117464024e-03
-4.112696231101437006e-01,1.027836147827596802e+00,1.477894044741516130e-02
-4.105829114689216741e-01,1.008057990418737448e+00,5.182702182736474358e-03
-4.104851558204316575e-01,1.005181796440234310e+00,8.084936028931876892e-03
-4.094070552022698317e-01,1.008535006770023612e+00,5.017570435845365717e-03
-4.077087787612362346e-01,1.023151809288940006e+00,9.154021177020741848e-03
-4.055039484854536802e-01,1.017853764961230256e+00,3.287511096596844578e-03
-4.046150587215382455e-01,1.009494693710468516e+00,5.297602037670387856e-03
-4.023464712730598913e-01,1.020493433261398630e+00,5.132674331133560940e-03
-4.012184280486690291e-01,1.016609581464910095e+00,9.707754934804038944e-04
-4.000250728659232591e-01,1.025615979623100138e+00,9.686449905328893203e-03
-3.992987724077846634e-01,1.009084189785635965e+00,7.020530938773523848e-03
-3.979128768947988171e-01,1.013158656846743444e+00,3.276621465977682182e-03
-3.975543836967431188e-01,1.012598895487698547e+00,3.921081531321576018e-03
-3.967627316026058892e-01,1.002070675613796924e+00,1.463514948132118611e-02
-3.915343185013094862e-01,1.020852085928890762e+00,2.961202770645760766e-03
-3.912251358056990647e-01,1.020569145284905943e+00,2.610552721798893149e-03
-3.902747909863346631e-01,1.018216146041495573e+00,5.113456642460889910e-05
-3.890111886972413835e-01,1.016089582600921748e+00,2.345871333751469411e-03
-3.875709674358837065e-01,1.004584317865747423e+00,1.415370742050414340e-02
-3.841070997935940312e-01,1.015233967142377125e+00,4.206453227653590178e-03
-3.839056618813002641e-01,1.016053001704786407e+00,3.427145165267694860e-03
-3.833071924756399351e-01,1.011574663793203710e+00,8.022772692216189813e-03
-3.831355697540497207e-01,1.018018010227377701e+00,1.612857116660091402e-03
-3.823310789608220794e-01,1.023826865166734157e+00,4.040508568145383984e-03
-3.811229782534490962e-01,1.038877909799802213e+00,1.886185901210530105e-02
-3.801463170182041162e-01,1.021944150179929123e+00,1.745778128318389681e-03
-3.775907050504317963e-01,1.023236487802057448e+00,2.575503907227643524e-03
-3.753232737547683717e-01,1.020309146684341695e+00,7.444591576616721787e-04
-3.751425614318746327e-01,1.001896454053251562e+00,1.918771215299041460e-02
-3.745584715894028083e-01,1.020917058760118401e+00,2.651387544921687692e-04
-3.732679424527358680e-01,1.021997043289671891e+00,6.023020994102643976e-04
-3.729538971582705420e-01,1.046078034885892238e+00,2.463242112485286225e-02
-3.720842109314904667e-01,1.019661140014958001e+00,1.923609647811225188e-03
-3.713943718842896979e-01,1.024708753651615512e+00,3.015473423336124687e-03
-3.705688853242548042e-01,1.021473890933115358e+00,3.471176970524331119e-04
-3.700962976633838108e-01,1.010206296188894237e+00,1.168678037619532047e-02
-3.686923240330093332e-01,1.033530841719493054e+00,1.142822814515020644e-02
-3.655799611367827051e-01,1.030061829521827566e+00,7.519330326867741492e-03
-3.637938284540102041e-01,1.030689731742278736e+00,7.910319470430469610e-03
-3.629175247847654662e-01,1.013797581924817282e+00,9.093874547947388906e-03
-3.618724662658743263e-01,1.037049390482117417e+00,1.402794310936099180e-02
-3.595658528369675144e-01,1.009275764351949434e+00,1.401851062792280889e-02
-3.575095249686918164e-01,1.029389576368520576e+00,5.868570938002703324e-03
-3.565675409291823028e-01,1.045524188519337594e+00,2.190455625809978671e-02
-3.554586537989168349e-01,1.013826128622533629e+00,9.905363251306883651e-03
-3.545487991108355885e-01,1.018156856021987355e+00,5.662977296027719293e-03
-3.539539577073302912e-01,1.024872419865146878e+00,9.965136508764123151e-04
-3.536439653804085426e-01,1.018869842613755683e+00,5.034756541161992428e-03
-3.526624122353994029e-01,1.008486422791724069e+00,1.550663431066132657e-02
-3.521779881935962475e-01,1.024720998836434749e+00,6.856297480602733304e-04
-3.514822756640390011e-01,1.013471540403196869e+00,1.062303713726104985e-02
-3.514516142695546241e-01,1.028833068940267603e+00,4.735924306351816174e-03
-3.507012880537884181e-01,1.014964606720148765e+00,9.194242342338031226e-03
-3.502591016500173904e-01,1.039693551607089761e+00,1.549934405017539506e-02
-3.495679676429784832e-01,1.016415443003149566e+00,7.832532923362370628e-03
-3.477540279084204711e-01,1.021159770636670849e+00,3.220615162056756058e-03
-3.437996082011907095e-01,1.032760221048591998e+00,8.135172173696697193e-03
-3.414875573337560200e-01,1.012431322433416048e+00,1.230864316433955170e-02
-3.409513209789178934e-01,1.027038237577609037e+00,2.274599346041294122e-03
-3.406170867568241167e-01,1.037849252046599391e+00,1.307142754282428210e-02
-3.406030654786396106e-01,1.008703577727519063e+00,1.607483234561227561e-02
-3.401199539718201548e-01,1.026644454802034367e+00,1.846338585323042090e-03
-3.375713160457551876e-01,1.027485758604288923e+00,2.598827942484235355e-03
-3.368415596626204156e-01,1.032725892420292446e+00,7.818228717773103090e-03
-3.365171215399543891e-01,1.012546701648394887e+00,1.236950710878081949e-02
-3.363002926721410102e-01,1.011717122588648987e+00,1.320456613084276289e-02
-3.354571400855508312e-01,1.030160654579917789e+00,5.219415656168976611e-03
-3.353915848858706195e-01,1.027912488402609403e+00,2.969846732331860462e-03
-3.352821673720649542e-01,1.027449873778998546e+00,2.504928503458765578e-03
-3.343770813449979951e-01,1.028426673592211404e+00,3.464482094969756950e-03
-3.336525735748228083e-01,1.018173422749076629e+00,6.800247215784907887e-03
-3.333389443535050845e-01,1.027300533845515007e+00,2.322536971610035528e-03
-3.332140266896960190e-01,1.027910336966000537e+00,2.930724732986812742e-03
-3.277967839111602943e-01,1.017846904701765753e+00,7.143514180263678230e-03
-3.272093896434850047e-01,1.043642374765671565e+00,1.865774511144756634e-02
-3.262124400352922615e-01,1.029710017454356974e+00,4.738329209117875251e-03
-3.248858315669113095e-01,1.013035355449265484e+00,1.191303497202648651e-02
-3.239572391014623465e-01,1.031493493073700085e+00,6.565536086338297043e-03
-3.228102743275970132e-01,1.015151216463537232e+00,9.746816702273215435e-03
-3.222424594844917056e-01,1.032752150637498811e+00,7.870846037424520866e-03
-3.212453935425781948e-01,1.036434820831575010e+00,1.158595579007404112e-02
-3.181288630802252548e-01,1.016515519688168112e+00,8.206823183517104534e-03
-3.180469290631000590e-01,1.034352265418761130e+00,9.633761292443218313e-03
-3.168672831677499246e-01,1.028788142542298889e+00,4.127809269364983089e-03
-3.168551471034256606e-01,1.032880308233262712e+00,8.220601599944900306e-03
-3.167604391277187847e-01,1.043622726559814140e+00,1.896792982653947371e-02
-3.160699565510231013e-01,1.022164064260656202e+00,2.453881160028704902e-03
-3.140462199207738614e-01,1.016961910406034120e+00,7.537361643574895867e-03
-3.129045695012010464e-01,1.015530185173913580e+00,8.895144296255232813e-03
-3.122749020090482830e-01,1.016224292258782302e+00,8.158102849654383718e-03
-3.120880312349103569e-01,1.023598342210633172e+00,7.710170941410420019e-04
-3.117460660031107222e-01,1.027756676196338592e+00,3.411519748166438968e-03
-3.101809053237023495e-01,1.026995558252054686e+00,2.766907993300190671e-03
-3.085565713176731117e-01,1.032369661849084297e+00,8.271832490360238321e-03
-3.082511711950758349e-01,1.024202128898035191e+00,1.300189187790701869e-04
-3.076536387976794851e-01,1.038556104239231059e+00,1.453534077157316896e-02
-3.067777805224236598e-01,1.021296485134417953e+00,2.646568332379560691e-03
-3.066012065889700544e-01,1.051128727100491433e+00,2.720169166589618895e-02
-2.980819722803432770e-01,1.029272536246548464e+00,6.256673477650062654e-03
-2.967392092903974321e-01,1.014276320888676697e+00,8.571575564162825511e-03
-2.955614333243851144e-01,1.011986286462370099e+00,1.070892498061112343e-02
-2.932815501299617100e-01,1.027210280015789401e+00,4.824724152431853451e-03
-2.925591791466043423e-01,1.020048969535969574e+00,2.234627853258508868e-03
-2.921574628767158455e-01,1.029366107369160677e+00,7.140004940920920314e-03
-2.918785353442284736e-01,1.026918224386650591e+00,4.732376245735448426e-03
-2.917890837812897598e-01,1.021444591789367973e+00,7.282891265687277405e-04
-2.913734588506908807e-01,1.013644325979661254e+00,8.467937180684049353e-03
-2.906296472030294176e-01,1.006853803445134643e+00,1.514847224685864600e-02
-2.896676928761500180e-01,1.017392032800226609e+00,4.465149520670210793e-03
-2.888234427948069838e-01,1.030291198140522724e+00,8.563987943234723302e-03
-2.871213478995039425e-01,1.023598690668735323e+00,2.140937441302039491e-03
-2.850187886896160538e-01,1.008653972555223266e+00,1.245738778711988001e-02
-2.828862681142582103e-01,1.022476788413565707e+00,1.731809258511819976e-03
-2.825583265645873476e-01,1.024540482119818074e+00,3.853173797288367806e-03
-2.817213618883115389e-01,1.011699957593888977e+00,8.838574362011330718e-03
-2.810373337928562254e-01,1.021952504291014696e+00,1.537251059455279137e-03
-2.803562018373607634e-01,1.020873084789830854e+00,5.820871844599989371e-04
-2.764425529891407773e-01,1.008118822421243399e+00,1.142970297830623108e-02
-2.745619246200855512e-01,1.022752687477799016e+00,3.577873603482832794e-03
-2.717639158965290402e-01,1.024206895131100303e+00,5.607845263682344379e-03
-2.701677833433319131e-01,1.029090770534569987e+00,1.083051243175277116e-02
-2.696615116806275747e-01,1.028689277341412245e+00,1.053802052034902986e-02
-2.694871767415101260e-01,1.004336858213597861e+00,1.377669367957091127e-02
-2.686840070664976432e-01,1.008560473006204994e+00,9.378250399151228864e-03
-2.683304315604462253e-01,1.023011531824749909e+00,5.150352672086597715e-03
-2.682641222135103698e-01,1.022984456746113047e+00,5.137859509122088067e-03
-2.670021544078789999e-01,1.022717207688291774e+00,5.150476863060479173e-03
-2.666857859740463521e-01,1.056023189400041140e+00,3.852731490654721230e-02
-2.634513932575094364e-01,1.022464714804615094e+00,5.708905106931670345e-03
-2.630589679425962002e-01,1.028019767317598365e+00,1.135565640180598995e-02
-2.616017870739458795e-01,1.025860097836369889e+00,9.540017634932023219e-03
-2.609425381871895988e-01,1.022676543601346966e+00,6.513912513057979956e-03
-2.606938054299685614e-01,1.012950244737367500e+00,3.152692446403456208e-03
-2.606602468737828637e-01,1.023684563541709558e+00,7.589692204932674442e-03
-2.594621330548485538e-01,1.008076786429040084e+00,7.728252145375718099e-03
-2.583880678997074742e-01,1.013173980665141860e+00,2.368186067400088971e-03
-2.571601428138293732e-01,1.010384537095951663e+00,4.853635478291034623e-03
-2.567929562837893975e-01,1.015965302585035257e+00,8.187413938632255627e-04
-2.555732591775307094e-01,1.037986534088274571e+00,2.314658566673508805e-02
-2.548577598436794212e-01,9.959858041419491492e-01,1.867265192591748002e-02
-2.546884929486409321e-01,1.021477948137769154e+00,6.862601903745134575e-03
-2.541186327076455642e-01,9.983425674253680882e-01,1.612715871189651651e-02
-2.536626245807025448e-01,1.009633345938372617e+00,4.719318657894334620e-03
-2.529646637727763769e-01,1.025062086097279890e+00,1.088950596967366152e-02
-2.519952398593090503e-01,1.014563448470008789e+00,6.428001909546276647e-04
-2.519497970819042365e-01,1.003131339944158373e+00,1.077744777929306140e-02
-2.518915861369197540e-01,1.006740550960391944e+00,7.153037092599682373e-03
-2.511933212411665561e-01,1.020506661941807280e+00,6.795977489346758348e-03
-2.511760034030934285e-01,1.006402468424838048e+00,7.303666317171366752e-03
-2.495193920898762796e-01,1.015432529337153111e+00,2.164585895819748796e-03
-2.484626518618170410e-01,1.013441127071324388e+00,4.557183990381378494e-04
-2.474785156513629181e-01,1.006204221869480220e+00,6.516003476058171429e-03
-2.457129117758548587e-01,1.033679061327188675e+00,2.143944089325325666e-02
-2.449813973281455004e-01,1.018377910433676981e+00,6.339190223180112167e-03
-2.413180564341856904e-01,9.907662496872049473e-01,2.025142586657607130e-02
-2.412908496211538800e-01,1.012874545590074060e+00,1.864543147694276487e-03
-2.400595310574158425e-01,1.004043536947936577e+00,6.617864647683879831e-03
-2.400494986805316033e-01,1.019182884062098893e+00,8.524333347962239141e-03
-2.387187445923496520e-01,1.002353701558403198e+00,7.925207384327006069e-03
-2.376147047719290306e-01,1.008814394333521713e+00,1.147364414668990227e-03
-2.359706562048986545e-01,1.014535821592577713e+00,5.049872789804571958e-03
-2.348381899035361098e-01,1.017813382376895781e+00,8.657551941701214712e-03
-2.348317316686912015e-01,9.971509783828594875e-01,1.200296407055776240e-02
-2.346198908735590560e-01,1.005746967816006920e+00,3.345012358409484021e-03
-2.337927444982341729e-01,1.004099978392604786e+00,4.749453111609561705e-03
-2.333129597246234033e-01,1.002175009444089326e+00,6.533292325737119141e-03
-2.329691738017947156e-01,1.026261523822057597e+00,1.765454240281097084e-02
-2.327575691922627588e-01,1.012594354577051048e+00,4.049817109609555633e-03
-2.314669267689194454e-01,9.955535410395671692e-01,1.260883954335045160e-02
-2.301928994803984496e-01,1.016961656703396999e+00,9.178619470547761186e-03
-2.257176582897382211e-01,1.027656929155934540e+00,2.122156197012633333e-02
-2.253827655334774693e-01,1.016658298899726143e+00,1.032465260551146922e-02
-2.243634846036652863e-01,9.908296658275441704e-01,1.519369965954013406e-02
-2.240839990311990215e-01,1.001095771359925779e+00,4.842340728662513673e-03
-2.205543337940013560e-01,1.017524593754020046e+00,1.266911149186622683e-02
-2.201143113817320973e-01,9.976431092429367542e-01,7.076694656187807776e-03
-2.193572691669244401e-01,1.008924233215860333e+00,4.438194281462284375e-03
-2.188789173570377944e-01,1.012084459884751153e+00,7.746340534293368225e-03
-2.162824353553987056e-01,9.942633139995928904e-01,9.269304715780829484e-03
-2.154072194375614702e-01,1.002664958678431306e+00,5.952535606180008217e-04
-2.150214880127944150e-01,9.707273547514597700e-01,3.241267340069072661e-02
-2.148105333799791294e-01,9.928303922606375176e-01,1.024387641334289882e-02
-2.139572806265320759e-01,1.000282392755620142e+00,2.525681513931603110e-03
-2.139415938555014884e-01,9.903253454374348896e-01,1.247783181964849490e-02
-2.137553617750193036e-01,1.019069145089188666e+00,1.632411303931635346e-02
-2.130559503738578275e-01,9.882251170507884153e-01,1.430141377960632634e-02
-2.124628720660991510e-01,9.979406503915249083e-01,4.400444866969837818e-03
-2.111034465485419620e-01,1.003222980670450903e+00,1.307405772860913487e-03
-2.109474358111337322e-01,1.016279436008848513e+00,1.441273289066115522e-02
-2.089059107326896036e-01,9.868679638907960072e-01,1.435862151179439355e-02
-2.086351848446362789e-01,1.012773267373643371e+00,1.163163752154959540e-02
-2.084068336266610144e-01,1.001172292047198820e+00,1.023306101958704938e-04
-2.083667071392338865e-01,9.912422802338657357e-01,9.815086510479510001e-03
-2.072503192778131220e-01,1.005327899175876283e+00,4.621034742632707491e-03
-2.067899829309499671e-01,1.002552889259147983e+00,1.990596955734700441e-03
-2.064641733257854828e-01,9.944577888917448538e-01,6.002168771587946747e-03
-2.056841124238315555e-01,1.000912938459118218e+00,6.980208499001891139e-04
-2.039444022612701968e-01,9.958152479467223817e-01,3.853135968617602079e-03
-2.023062172988814300e-01,1.000289058272898712e+00,1.135173452512480349e-03
-2.020338265098465813e-01,1.005689671624041992e+00,6.621306745210466665e-03
-2.014974092670877015e-01,1.014760152088438172e+00,1.586016816145352157e-02
-2.009651601274029531e-01,9.863548057335399522e-01,1.237815498826849020e-02
-2.001548767742666879e-01,1.019809133662858081e+00,2.133033374656266579e-02
-2.001002247659788846e-01,9.789407846606059671e-01,1.952087799522501943e-02
-1.996078648445006598e-01,9.967894558184092757e-01,1.517850950355833367e-03
-1.989216718576223286e-01,1.003975465243590381e+00,5.883172064845765790e-03
-1.983209316845067072e-01,1.000714090190723438e+00,2.809918677350326660e-03
-1.979139075886235943e-01,9.915497840231025650e-01,6.226995198205937700e-03
-1.963832223909897090e-01,9.952170238401595315e-01,2.081222503572752267e-03
-1.941189440596161608e-01,9.916622481673758038e-01,4.930009346588328303e-03
-1.936302753336281990e-01,9.905465882559205681e-01,5.893647569442115111e-03
-1.929985006843527584e-01,1.004739915564255126e+00,8.496020970210247172e-03
-1.922654465734690010e-01,9.995865304058576539e-01,3.570154859650473498e-03
-1.907086157041177898e-01,9.886052290285337607e-01,6.929095952606541958e-03
-1.887073376407399916e-01,1.003913192796159759e+00,8.995998754332507757e-03
-1.884956945528006855e-01,9.979251063723090232e-01,3.072995208766093195e-03
-1.871784301810290874e-01,1.002576493798875257e+00,8.128621188389601598e-03
-1.869202608723588011e-01,1.000665109550464837e+00,6.296288419236122091e-03
-1.865233488305361176e-01,9.859574523939502733e-01,8.289950109220723534e-03
-1.865231490255320201e-01,9.886455310150079612e-01,5.601810401969695846e-03
-1.805180655454686756e-01,9.999024631002844110e-01,7.472936051232618310e-03
-1.793816809438250059e-01,9.981937695010358880e-01,6.103702654334648876e-03
-1.792616125011812223e-01,9.918452771406842672e-01,2.090159396414813264e-04
-1.768031137842093203e-01,9.924991630884618665e-01,1.173273833087819934e-03
-1.764044060853777740e-01,1.003985171084494921e+00,1.277664895788424917e-02
-1.760552349791940641e-01,9.851902043070808190e-01,5.915713888358299644e-03
-1.744665852833998665e-01,9.961122585975259458e-01,5.470973811700379288e-03
-1.738743462235600168e-01,9.884470902404757231e-01,2.021926524338940601e-03
-1.735316022154979043e-01,9.881927493344808688e-01,2.176812032272202897e-03
-1.731000089381449225e-01,1.001232347088242269e+00,1.098776851987190092e-02
-1.728529247981162031e-01,9.984273192071653202e-01,8.254163489880297910e-03
-1.720004769297130975e-01,9.980625725996589148e-01,8.135096360006385460e-03
-1.717811983297509171e-01,1.002919252961307350e+00,1.305478807154329159e-02
-1.709462643923614911e-01,9.898352872650350021e-01,2.100384163275904957e-04
-1.701143541668176384e-01,9.962075646959803743e-01,6.819529712949638951e-03
-1.699985463595766744e-01,9.862524369351755027e-01,3.102667565934560424e-03
-1.695993617667419517e-01,9.924834312738955999e-01,3.241663524884421180e-03
-1.692386177400964087e-01,9.878381473090993570e-01,1.301430543676845852e-03
-1.689066751273813338e-01,9.900157034558344504e-01,9.699596499271818982e-04
-1.672494492612989214e-01,9.945317304821643667e-01,5.951570254369136642e-03
-1.661922639688576675e-01,9.801035208773234420e-01,8.182206832334724608e-03
-1.648837071663155074e-01,1.008848028375127104e+00,2.092387275685460291e-02
-1.627255152085750334e-01,9.772748233974277721e-01,1.006017381499701990e-02
-1.624125981701691757e-01,9.751084518228715359e-01,1.214188612787732262e-02
-1.623096617596668789e-01,9.988036404137730084e-01,1.158110873500067806e-02
-1.619239290902816375e-01,9.950351509756327761e-01,7.916626939629358220e-03
-1.611731525434935142e-01,9.931581554174594428e-01,6.241198170521551625e-03
-1.600641795380782773e-01,9.929048134162228312e-01,6.283455092642799104e-03
-1.597031527117895866e-01,9.864032160159204032e-01,1.224677284691462432e-04
-1.589218058211978590e-01,9.773470299817433871e-01,8.972543714858316130e-03
-1.583256583019871933e-01,9.869212485903254839e-01,7.580455819372634027e-04
-1.580915439060279759e-01,9.793303890909376141e-01,6.771617115121117240e-03
-1.570384254385300826e-01,9.955794167036082776e-01,9.751197334177511694e-03
-1.564319449052178346e-01,9.842010975908161985e-01,1.470573815021386510e-03
-1.553421646954202817e-01,9.771374969359749585e-01,8.254971967925114895e-03
-1.522961647020242282e-01,9.814129166074831989e-01,3.213858416529934668e-03
-1.518196407955414440e-01,9.886383116327988052e-01,4.129314542756242976e-03
-1.511593335091823143e-01,9.787094686540841471e-01,5.637245528039747273e-03
-1.496474037095802956e-01,9.757570021832010498e-01,8.222203955664314154e-03
-1.496158138239019886e-01,9.864084608505691021e-01,2.436872114919122912e-03
-1.480546578287644799e-01,9.860479771372371305e-01,2.449665711087227905e-03
-1.475874162210395468e-01,9.784183815963181097e-01,5.069431753711297478e-03
-1.462133606284213849e-01,9.784557922935280816e-01,4.710383056183227619e-03
-1.454606254892401029e-01,9.853125967153443243e-01,2.320499373576363159e-03
-1.450933226089686778e-01,9.684268627205343538e-01,1.448084341497324172e-02
-1.446355346027720090e-01,9.687283973516479518e-01,1.407463774376555184e-02
-1.428559828799145226e-01,9.752171443845940590e-01,7.184442212524360175e-03
-1.412174564852879399e-01,9.799052576345415044e-01,2.134471517118472373e-03
-1.372265769779489331e-01,9.842996041061470303e-01,3.109075655980046097e-03
-1.362334151703793461e-01,9.957400296375672477e-01,1.475356216949551963e-02
-1.357366932205589238e-01,9.894621132565123434e-01,8.576596232020193555e-03
-1.350700550572575542e-01,9.791518198044798504e-01,1.599385299634271214e-03
-1.347358201498811692e-01,9.804942103803396813e-01,1.901620790268883181e-04
-1.344895363602210958e-01,9.706100506001690276e-01,1.002529364637808930e-02
-1.337732743672686020e-01,9.803086809766352605e-01,1.851313599238993055e-04
-1.320697674254619480e-01,9.772769859383941826e-01,2.886586389201383374e-03
-1.316119508695029472e-01,9.833035496195839942e-01,3.227185603380894763e-03
-1.311019321064110787e-01,9.717076790379277629e-01,8.272309435523230586e-03
-1.308213085270527598e-01,9.851207761305051935e-01,5.193465142411722579e-03
-1.305523607474048386e-01,9.952044486105181553e-01,1.532738913002577689e-02
-1.298546735534191754e-01,9.786601716803113860e-01,1.087601484568575909e-03
-1.298534234722324987e-01,9.837646601312622918e-01,4.017117220989414872e-03
-1.292662218821308828e-01,9.865413786762855519e-01,6.901439917111125422e-03
-1.288659894079030588e-01,9.755550267660707542e-01,4.012204718858362711e-03
-1.283346488349573766e-01,9.817124304553710434e-01,2.240924818104167784e-03
-1.279210725627781819e-01,9.795235533167860886e-01,1.259240078179485955e-04
-1.270227073829465203e-01,9.802158369538560567e-01,9.767609854883171645e-04
-1.260867944368366800e-01,9.713466122972894690e-01,7.730097838554664952e-03
-1.260178426964485565e-01,9.793099640531514050e-01,2.451017425894271343e-04
-1.227277460043685320e-01,9.834979414722233582e-01,4.979982912454497361e-03
-1.224997353128763899e-01,9.929928430741840062e-01,1.451143607795041778e-02
-1.202412360487919996e-01,9.877216523108751645e-01,9.592708260852069249e-03
-1.197855698436062211e-01,9.995917837056735866e-01,2.153182457511556430e-02
-1.192182498052410944e-01,9.703016005345688200e-01,7.673475628880495336e-03
-1.185726323506723912e-01,9.866030466764952322e-01,8.723206367206781317e-03
-1.183626738572565174e-01,9.796826025587488385e-01,1.833420057383517527e-03
-1.181432119030599859e-01,9.997153311729849445e-01,2.189802933217672304e-02
-1.163833400594123102e-01,9.694847883189290361e-01,8.082982853551514899e-03
-1.163640668868411998e-01,9.691678805376069405e-01,8.397218421807760291e-03
-1.145652631040391389e-01,9.713275835819988879e-01,5.993926454440221679e-03
-1.135259165466584452e-01,9.559470814710427922e-01,2.123895724309806873e-02
-1.131216644047959852e-01,9.718768470931459236e-01,5.257550216807610650e-03
-1.130317411524315308e-01,9.695316635819454243e-01,7.591326615536979697e-03
-1.125755675377696496e-01,9.785695109529578550e-01,1.503937864762076295e-03
-1.113164073653080122e-01,9.803285632146993001e-01,3.417559757771594306e-03
-1.110958260060600500e-01,9.956462280939240017e-01,1.876170839215886288e-02
-1.091100392058952373e-01,9.861583582469575227e-01,9.504238381860503210e-03
-1.088562682284289762e-01,9.708566843297862237e-01,5.769036556624030677e-03
-1.080582417214195345e-01,9.675538191197922133e-01,8.984146713483579655e-03
-1.073096452202120243e-01,9.813769826935502261e-01,4.919191715065057355e-03
-1.045803304028269931e-01,9.629808440771755462e-01,1.320233207020642119e-02
-1.044570037818514097e-01,9.944860142861411401e-01,1.831458765854353937e-02
-9.931544815317105979e-02,9.875272357970459325e-01,1.179440120721286962e-02
-9.930317799185195415e-02,9.710401518638577256e-01,4.691756521047048441e-03
-9.883176698681339634e-02,9.585654160546429603e-01,1.713134529090877545e-02
-9.811198288929434685e-02,9.891834657347435833e-01,1.353872374165412951e-02
-9.728579686280813821e-02,9.744420908282503957e-01,1.145398452526178801e-03
-9.662983705566885462e-02,9.879220696195877283e-01,1.237816311973461737e-02
-9.556404097769255479e-02,9.595323616848788761e-01,1.594427658794366973e-02
-9.469138416017486293e-02,9.694310846443189300e-01,5.993750229537729048e-03
-9.444959850901402110e-02,9.754634413454057462e-01,5.243699718183165954e-05
-9.339819009799255056e-02,9.758233092631738437e-01,4.698059376474205415e-04
-9.234946113667641399e-02,9.707997797347812652e-01,4.500654714792436811e-03
-9.111712875855815241e-02,9.814720559250713627e-01,6.228499323474987436e-03
-9.045581265047697439e-02,9.645392760485723693e-01,1.067620429382594438e-02
-8.995047346721674053e-02,9.737713845661001288e-01,1.423794850212934922e-03
-8.987538092521474287e-02,9.763952043696362271e-01,1.202956317118988655e-03
-8.936661556523006755e-02,9.803173576534401912e-01,5.144388340587490241e-03
-8.864104695830399283e-02,9.822633790729096148e-01,7.116148780888897907e-03
-8.848150443429791956e-02,9.638954266162991225e-01,1.124642091837869257e-02
-8.552781015179511392e-02,9.597191069435384581e-01,1.534114170735622305e-02
-8.550618686125666112e-02,9.878365459270516125e-01,1.277676821898509132e-02
-8.351924926481568701e-02,9.783474906997179366e-01,3.323140119795916711e-03
-8.169833329498155106e-02,9.675206470253208124e-01,7.484865365565536444e-03
-8.165408049977196381e-02,9.905167364008028441e-01,1.551151975522522923e-02
-8.158848141332142312e-02,9.761615387209824357e-01,1.156746342928586732e-03
-8.149454773662978546e-02,9.867971860894914071e-01,1.179297184063826491e-02
-7.935490502381281619e-02,9.756755878933796033e-01,6.751848141010894982e-04
-7.859177446241327747e-02,9.956108467679897212e-01,2.060747924881987242e-02
-7.810208945848207129e-02,9.925598697500352952e-01,1.755340842443204458e-02
-7.773278088759294491e-02,9.725197673339197602e-01,2.489641484790735236e-03
-7.690127445972649856e-02,9.847336801405849327e-01,9.715709509543554376e-03
-7.677768270163209952e-02,9.814732295235827353e-01,6.453759495851475216e-03
-7.641442165454837010e-02,9.887105310336562480e-01,1.368631557532348775e-02
-7.597079266458706126e-02,9.653814588170646083e-01,9.649234605801044334e-03
-7.594673997518408548e-02,9.818915806291870219e-01,6.860514599984393613e-03
-7.575838802820955564e-02,9.856183045489819161e-01,1.058424486849587724e-02
-7.386700934947620922e-02,9.574841040010558801e-01,1.758739486423114423e-02
-7.344501745724452135e-02,9.632490697950135683e-01,1.183258512665775163e-02
-6.853138232638789074e-02,9.548521905959358458e-01,2.039232177760100587e-02
-6.808372336916834744e-02,9.725688985597690239e-01,2.694068344445577513e-03
-6.792388688764017246e-02,9.824450989283772806e-01,7.175422557959623693e-03
-6.627808807116919443e-02,9.903655147592449470e-01,1.502357052096028184e-02
-6.110271927415533710e-02,9.763178812673691809e-01,7.409478041977518407e-04
-6.045043766792868034e-02,9.918880927127405878e-01,1.628615545571291887e-02
-6.027850045700267057e-02,9.618070970444837497e-01,1.380101458214891448e-02
-5.962591766074654132e-02,9.585958216184926606e-01,1.703382439355154848e-02
-5.903891858629517486e-02,9.750905102467168906e-01,5.554769889661877571e-04
-5.770209912109403039e-02,9.795097320448236111e-01,3.840654489393072711e-03
-5.606132231417859657e-02,9.753325027558733540e-01,3.269474809409311355e-04
-5.601357285314201295e-02,9.549839367708333748e-01,2.067442100039876621e-02
-5.545861158846177030e-02,9.747504154368225038e-01,8.912003951278840578e-04
-5.529879077294475032e-02,9.625906304708644612e-01,1.304469500504853302e-02
-5.525943552897860656e-02,9.823303950409273400e-01,6.696725488300385096e-03
-5.451772369042762190e-02,9.792599319905161970e-01,3.665982460968482924e-03
-5.432926882859023809e-02,9.661822849033334659e-01,9.398797863273552003e-03
-5.384426816140608363e-02,9.704035521592083713e-01,5.138669173366935614e-03
-5.309941403675721983e-02,9.648724974931685017e-01,1.059213521888951667e-02
-5.265228282658440673e-02,9.747795174666887830e-01,6.267909727317187490e-04
-4.996029438182048033e-02,9.843615217753178825e-01,9.551423205012383663e-03
-4.972844199469383941e-02,9.648770063360642135e-01,9.857260463355436986e-03
-4.809396260047282823e-02,9.790944774032243059e-01,5.040465155178443929e-03
-4.801322590087664377e-02,9.687104103555832513e-01,5.302576183724407900e-03
-4.712613570831625243e-02,9.655800546868427148e-01,7.928728322623441321e-03
-4.681141767651419983e-02,9.722342885149369840e-01,1.070303599545578211e-03
-4.492935538510767213e-02,9.614028870749519173e-01,1.035242322419374118e-02
-4.363130301613460382e-02,9.647561337386727498e-01,5.536493053471820691e-03
-4.306324187622156963e-02,9.575520152058701884e-01,1.197877892588848463e-02
-4.293940866326961814e-02,9.890011605997822697e-01,1.964725132916389158e-02
-4.273804352709353882e-02,9.694102978543424065e-01,3.526355197172860944e-04
-4.196674594345228826e-02,9.608218414909378557e-01,6.997255079925855832e-03
-3.771467578862697234e-02,9.593928206391765245e-01,2.139799107342220136e-03
-3.421117451800415044e-02,9.407989177394275870e-01,1.123280496908298301e-03
-3.337538088653713153e-02,9.348939958123539951e-01,2.209695995332230066e-03
-3.264379070762757351e-02,9.386071346259298176e-01,6.141667000434252420e-03
-3.250085938625446591e-02,9.390866240075427251e-01,7.575077100473051259e-03
-3.146965310228422297e-02,9.188417938357106296e-01,5.305011476105275098e-03
-3.135708605169240659e-02,9.175319872365572671e-01,5.758182406446800405e-03
-3.086424796880371524e-02,9.166630839240478279e-01,2.750516971516440371e-03
-3.072742375974313322e-02,8.952812583163458626e-01,2.301921164735584724e-02
-3.069014473664299913e-02,9.028424638974661409e-01,1.515191062198552319e-02
-3.062867909738875571e-02,9.311557863463416629e-01,1.366874267444524726e-02
-3.024984802256702743e-02,9.307367355242678331e-01,1.644967713501283707e-02
-2.928584745498374886e-02,9.030734886044792242e-01,2.490360395563783174e-03
-2.916492570867823542e-02,9.101751453828432759e-01,5.765569630557664145e-03
-2.837120388071034949e-02,8.996052796335830548e-01,3.112501545435361096e-03
-2.779542831496328859e-02,9.211633020557641327e-01,3.078880808455237636e-02
-2.537591160276952973e-02,8.723195068961016041e-01,1.119574911434576860e-02
-2.535969397164772321e-02,8.596290391218606164e-01,1.279175914807665401e-03
-2.516772939376055174e-02,8.487817861010487075e-01,9.555404406004257972e-03
-2.216502064252656723e-02,7.974384444007406314e-01,1.606446320257572460e-02
-1.911105860348227825e-02,7.619354941360114708e-01,2.034636358672231062e-03
-1.180010669094078146e-02,6.091358952444051456e-01,7.563507452843033600e-03
-9.919318519797215572e-03,5.680602756440427115e-01,1.422253709597674255e-02
-9.619148874028704554e-03,5.706189661204178476e-01,6.465728842425265410e-03
-9.592512943958353411e-03,5.658125208572943876e-01,1.081548003614394952e-02
-9.184527442076650949e-03,5.866015653682997710e-01,1.687141635072564663e-02
-8.818387916106340541e-03,5.725193468420415321e-01,8.816397569494505496e-03
-5.818696796821454242e-03,5.212571251194565436e-01,7.972641316617372061e-05
-5.446743708590218169e-03,5.318917572840443642e-01,1.479944138890025920e-02
-5.003758436999738990e-03,5.131378789397599283e-01,7.736830764761830782e-04
-4.564961057983207837e-03,4.994296738636940236e-01,8.612842013282636169e-03
-2.911826910576231775e-03,5.104049586393357707e-01,1.523124077269657345e-02
-1.419228780744963281e-03,4.938521357835780057e-01,5.389100436846586649e-03
-7.929674910639450403e-04,4.767203756889731858e-01,1.037246154326456477e-02
1.613310932180311852e-06,4.847013741756868166e-01,1.903386780836081957e-03
7.867660258552566788e-04,4.787447971076612130e-01,8.756182533847571559e-03
1.440857985587573609e-03,4.754621336970119572e-01,1.382799730964336116e-02
1.958649828677105909e-03,5.006340969134136509e-01,9.261775475316414569e-03
3.757151834233973808e-03,5.221508507561853918e-01,1.909416640470130641e-02
5.586067660467652907e-03,5.076286446023042798e-01,1.398567573819141201e-02
5.743057512828997346e-03,5.291275753840118945e-01,5.629692366905708449e-03
5.778780509886782824e-03,5.174261552982047929e-01,6.506425691218269830e-03
6.530048307067604085e-03,5.287122473930483402e-01,4.871253837646960343e-03
6.864201092272259608e-03,5.322536187716454537e-01,5.923939242388692045e-03
7.799373315638735704e-03,5.433141283166720292e-01,8.639907696798161327e-03
7.868366780666380400e-03,5.535065620627152017e-01,4.852162794482699280e-04
7.999247644437379456e-03,5.467548689269448037e-01,8.309501164110378452e-03
9.943159326997297320e-03,5.906654005645670669e-01,2.704568257798388182e-03
1.006325509019223574e-02,5.896299600767884730e-01,5.023810944913695764e-04
1.163234460681839000e-02,6.172794118753549553e-01,2.389480468664097364e-03
1.184104285567688652e-02,6.146609320207201410e-01,9.075636620415978781e-03
1.230363619556529287e-02,6.270779212945299941e-01,5.767713305683327442e-03
1.233978844461436353e-02,6.411163881523299635e-01,7.553912258257560602e-03
1.234791373280441640e-02,6.387328519858225251e-01,5.009171876243807310e-03
1.912838925995208328e-02,7.604986337024087772e-01,9.775552447985511387e-03
2.040750661467771732e-02,7.952193339235835712e-01,9.933230542922587888e-04
2.089943877289590635e-02,8.106368058970416790e-01,7.513871233717890619e-03
2.358329658200286616e-02,8.313775047968434695e-01,1.669405281121371862e-02
2.360217552428667265e-02,8.537981885908534352e-01,5.433601923799350961e-03
2.382661565840404894e-02,8.451959865714978593e-01,6.626237589458467379e-03
2.547965486133552115e-02,8.814897726757920937e-01,5.705986685931593340e-03
2.644663650175671510e-02,8.809202806246072548e-01,7.632591565425168693e-03
2.659629252875495009e-02,8.723975431731672003e-01,1.804882100664519096e-02
2.697378271707784325e-02,8.788487902050250433e-01,1.627542437883162593e-02
2.714240098283104974e-02,8.976492134054178118e-01,4.808494666138199468e-04
2.907168640297552731e-02,9.211894426178900419e-01,2.597225017214818861e-03
2.908599244477572121e-02,9.096946502653787681e-01,9.043166251044086612e-03
2.950656701365284018e-02,9.293190217844596868e-01,6.385924587773739690e-03
2.959052045148036214e-02,9.071357642156929746e-01,1.661520062268959791e-02
3.049168301138938109e-02,9.314667356617454264e-01,6.607979864731657093e-04
3.182504181061196480e-02,9.311090903146778119e-01,1.211016199762456752e-02
3.189330160970837991e-02,9.372285744904664817e-01,6.518361078021592085e-03
3.195908658018464799e-02,9.447258782412876199e-01,4.739867131641401811e-04
3.236650682977437743e-02,9.386973213617639811e-01,8.604133652839523680e-03
3.584544915061527171e-02,9.645162360300849613e-01,3.845555442298253645e-03
3.767487151743242890e-02,9.864289387275293475e-01,1.006292809214440545e-02
3.788888475910789921e-02,9.714171868559203782e-01,5.768918695231487447e-03
3.876751258849808757e-02,9.886793007361964758e-01,8.356921120651419205e-03
4.000417110181198055e-02,9.728623135821967693e-01,1.129706854657618054e-02
4.008989070565538437e-02,9.897003984769586760e-01,5.298041779152828055e-03
4.342621395447265886e-02,1.006353810016078931e+00,1.441568620657900437e-02
4.466729560474591576e-02,9.692438196685609908e-01,2.471644500127289507e-02
4.473178363972640792e-02,9.860871254051560841e-01,7.968952554704767863e-03
4.573283183778398264e-02,1.001209420986405085e+00,5.770721271805400593e-03
4.855747298289103675e-02,9.964356465439159205e-01,2.030453860429926732e-03
4.929618367556243275e-02,1.002802769271099903e+00,3.711458733713088494e-03
5.084544958860048869e-02,9.941955666063472252e-01,6.039851867158206079e-03
5.115873666121018015e-02,1.001309095558457818e+00,8.658978747289992157e-04
5.217061250704080333e-02,9.995120570630587897e-01,1.556772353920794901e-03
5.233631471550581615e-02,1.012843068904802690e+00,1.167782061659807316e-02
5.286620078644155285e-02,1.004007555031612098e+00,2.544208433012131419e-03
5.351867439622737255e-02,1.005186765122890069e+00,3.376026620752021687e-03
5.401083355844693568e-02,9.979411079187042732e-01,4.118769661224673528e-03
5.569516209170488619e-02,9.979664974477449046e-01,4.876062240724935229e-03
5.629810859203121520e-02,9.987752834684904268e-01,4.325581878196209547e-03
5.702458262833687286e-02,1.007344167076234642e+00,3.944521423782968231e-03
5.713626564889651149e-02,9.992346416868735925e-01,4.209844808202629733e-03
5.830711706167290842e-02,1.006797085684725035e+00,2.897748568964129186e-03
5.856118248388209047e-02,1.024748741565183918e+00,2.075400798645438832e-02
5.962242168223630401e-02,1.013093768451718946e+00,8.711247034316924390e-03
5.989029480104213210e-02,1.001217732557660556e+00,3.260235321678411555e-03
6.004524721859005876e-02,1.016544915490156242e+00,1.201213922163944792e-02
6.017726767108400043e-02,1.000498495581366276e+00,4.080753730215514255e-03
6.106784356298766703e-02,9.845065391322388448e-01,2.038124535177853955e-02
6.207464253705485824e-02,9.951466874036385413e-01,1.008086310917404027e-02
6.242249613846173606e-02,9.866351216645286026e-01,1.870791921025855703e-02
6.362972701966940203e-02,1.002222374111262804e+00,3.515134840413086832e-03
6.501113596215701840e-02,1.006363129637462439e+00,1.841837918955169966e-04
6.535999047860163724e-02,1.023053415335841265e+00,1.676437312275282782e-02
6.626386302673359374e-02,1.009841372758665923e+00,3.269273737641626657e-03
6.753930244349926060e-02,1.004775830707501427e+00,2.191005288088642561e-03
6.863299801123190491e-02,1.015595704220051410e+00,8.294055811834892544e-03
6.960866578834112861e-02,9.854865178414969895e-01,2.211135309007885089e-02
6.984634374676579327e-02,1.010025857481938294e+00,2.356145581085659219e-03
7.024125277668669121e-02,1.015497467154448774e+00,7.708651938869668166e-03
7.034656876787259705e-02,9.930346616099113843e-01,1.478586245779841581e-02
7.248490008165575649e-02,1.019897276001060726e+00,1.143754043206929132e-02
7.439817428999850879e-02,1.012409748930897413e+00,3.384964074944141459e-03
7.519032921500823363e-02,1.005104054423141768e+00,4.152879139008012511e-03
7.657553116668913695e-02,1.015988212050927375e+00,6.327818661062848370e-03
7.729176585623398488e-02,1.032574695686110822e+00,2.270692857804395767e-02
7.827556195796181449e-02,1.011969885048084494e+00,1.818662550584951515e-03
7.896019355711492160e-02,1.012829732024351337e+00,2.482205863003360963e-03
8.002692671934519275e-02,1.006058197122707831e+00,4.593608995402440921e-03
8.044021009886015428e-02,1.002270724564097604e+00,8.498443694647918670e-03
8.047458428473852621e-02,1.019082274510124009e+00,8.303358165442456876e-03
8.301646579089849709e-02,1.002933140608294638e+00,8.560838259088671826e-03
8.536024136224218406e-02,1.012858508435182880e+00,7.156623721939247076e-04
8.604424442877933732e-02,1.007553666754995136e+00,4.776574467651166500e-03
8.893953135497334461e-02,1.017902982448977589e+00,4.789798257463918733e-03
9.264551428235967556e-02,1.017426489090008213e+00,3.336621052869482781e-03
9.289206548402817454e-02,1.024529182923068493e+00,1.037539944257899298e-02
9.447400644998849017e-02,1.009460459455915116e+00,5.100163988547470016e-03
9.526680326044068003e-02,1.012063609131844233e+00,2.698749352933712490e-03
9.616686836641985536e-02,1.005201974671936060e+00,9.787637157823074127e-03
9.666518793649747643e-02,1.010671674755152072e+00,4.442932600761116332e-03
9.710258940868332633e-02,1.018996839183526459e+00,3.773004930448521990e-03
9.743883714158396714e-02,1.022877374907171788e+00,7.569886166453519000e-03
9.754985620906042598e-02,1.006113395796144117e+00,9.221653241776255061e-03
9.865936688526522058e-02,1.024304893897786339e+00,8.696059201056602697e-03
9.878072909380808397e-02,1.029194977781587195e+00,1.355637858804950927e-02
9.906644379105988829e-02,1.019842876993468650e+00,4.134349032237008906e-03
9.942410578045857150e-02,1.034563738462428439e+00,1.876795812558065824e-02
1.004980011203813195e-01,1.008317942911884701e+00,7.737891991035730256e-03
1.012368573566175822e-01,1.003786514262080098e+00,1.244654703311416991e-02
1.014290092610363736e-01,9.984917208128450961e-01,1.778720248904278739e-02
1.025787900283169352e-01,1.031511798818684822e+00,1.496044311489183078e-02
1.031376540033057676e-01,1.023226186729433218e+00,6.543656563540577176e-03
1.043359155380273462e-01,1.016405153307692988e+00,5.558467091045507166e-04
1.045653999490931962e-01,1.019813580439176803e+00,2.799686263198202830e-03
1.052810635413459206e-01,1.005923047281378269e+00,1.125489047298376503e-02
1.053399519518705141e-01,1.041648894199514563e+00,2.445751979616826374e-02
1.113359746674499329e-01,1.019801156290442767e+00,1.292211819752275099e-03
1.132139679478205707e-01,1.019994299952178496e+00,1.093947946048928928e-03
1.159788982237900390e-01,1.026715061927962802e+00,7.257666238986919954e-03
1.161229590067355266e-01,1.024295873523108691e+00,4.810092317367132761e-03
1.161613133059172798e-01,1.021732167960715199e+00,2.238840242791313717e-03
1.175006464047463339e-01,1.011849255219775534e+00,7.904744554453118840e-03
1.222167393893287546e-01,1.025341547833435119e+00,4.714683571359957505e-03
1.230124784681977390e-01,1.039587325267834927e+00,1.882024496475033851e-02
1.231327482687558650e-01,1.034242293034315363e+00,1.345420046154977706e-02
1.235404086320893713e-01,1.036790827422380934e+00,1.593186626639397224e-02
1.242086448586209313e-01,1.015861787128106597e+00,5.112156764311851301e-03
1.246502158715155906e-01,1.011153065319114752e+00,9.896048202585808543e-03
1.251861030597511970e-01,1.019881598834833314e+00,1.257869200996481395e-03
1.254955391105043727e-01,1.021748454017551877e+00,5.572491228869460656e-04
1.266759112217827887e-01,1.032327526030914822e+00,1.094191518470948553e-02
1.283242538855177139e-01,1.004724562460215909e+00,1.692464629714819299e-02
1.285679240306322191e-01,1.036982893579802001e+00,1.529550319460613698e-02
1.315606993780649159e-01,1.020559567451040817e+00,1.580078985789894327e-03
1.329042919220955188e-01,1.018063726947875169e+00,4.268810699474200401e-03
1.343721810528788474e-01,1.012414950809817915e+00,1.012104375260167513e-02
1.343953244888452803e-01,1.005990574420259298e+00,1.654856671865769305e-02
1.357735346639942220e-01,1.030954781770326179e+00,8.231705839619145662e-03
1.362440228777990203e-01,1.023517488794872810e+00,7.331796718840388923e-04
1.364065617174914369e-01,1.009905669271190520e+00,1.289960899741053948e-02
1.365992886200533274e-01,1.009879230962464680e+00,1.295078772063616192e-02
1.407352988339551914e-01,1.019970608785423893e+00,3.357846992901282294e-03
1.451506932144940309e-01,1.040481214901180174e+00,1.669021525289392932e-02
1.462795695606675661e-01,1.021301641709373209e+00,2.595913513636047797e-03
1.470774394619673853e-01,1.008938537887905218e+00,1.503142953118106161e-02
1.483703915031543419e-01,1.021624761727597308e+00,2.457430640859443235e-03
1.492553504491350713e-01,1.021428105876645898e+00,2.727235697476705027e-03
1.493131633688844495e-01,9.971911500073110668e-01,2.696886642941571585e-02
1.495569535641243508e-01,1.023636640819580945e+00,5.429486651781221303e-04
1.499850353433559436e-01,1.021904064135811918e+00,2.309345302086779610e-03
1.505030405770961810e-01,1.031215460279646390e+00,6.962063648134183581e-03
1.507326029170329429e-01,1.042760350013586468e+00,1.848956094945345199e-02
1.513363164540575401e-01,1.035581214368267888e+00,1.126565029547757328e-02
1.527369697194087550e-01,1.021725163886237242e+00,2.688886905548305752e-03
1.528463872354736131e-01,1.013356167264346741e+00,1.106525908741670325e-02
1.571928097546498870e-01,1.050410525639674519e+00,2.573359803249860439e-02
1.585600787275288637e-01,1.025334298355560669e+00,5.921843401448825773e-04
1.590013738943829580e-01,1.024900888031128110e+00,1.392929191294620280e-04
1.593838608422956105e-01,1.024536613231407323e+00,2.412508711000327735e-04
1.594072331410457677e-01,1.026759687291112444e+00,1.980847607678549397e-03
1.600170418566240205e-01,1.023359933861091697e+00,1.443604119239424782e-03
1.617969038174854601e-01,1.019130670819608619e+00,5.736620068802362679e-03
1.622639599814806877e-01,1.019413371701470172e+00,5.468589412403921171e-03
1.626693305652751054e-01,1.024566466320347091e+00,3.275327021599838640e-04
1.653005035449643945e-01,1.019522170387559434e+00,5.434247711337649930e-03
1.654285358877768397e-01,1.017830301957184602e+00,7.128457826771643704e-03
1.654984592614513472e-01,1.026024313667886823e+00,1.064302276918968268e-03
1.663242421744554056e-01,1.022423562536295405e+00,2.549772174208552594e-03
1.674839777585999112e-01,1.040027435281317914e+00,1.503992988582688629e-02
1.675767295467173179e-01,9.984787114752322612e-01,2.650969808393012148e-02
1.707207873987492963e-01,1.035914043006289198e+00,1.091506851922461815e-02
1.710824800388359712e-01,1.037458538993121016e+00,1.246085192497629023e-02
1.728237479133003518e-01,1.004250360165992895e+00,2.073390232408149625e-02
1.741137479585891379e-01,1.021539726987992225e+00,3.426875940803487865e-03
1.775118645205928658e-01,1.021174289403956603e+00,3.714408659957914478e-03
1.788053113885458290e-01,1.010771994129304963e+00,1.407511694717821296e-02
1.789646551159838062e-01,1.017063366585447159e+00,7.778166875908753067e-03
1.798177578334829718e-01,1.013704219742423529e+00,1.110575845465828874e-02
1.801459399694943508e-01,1.042319783932913024e+00,1.752270443423622689e-02
1.824724359907916593e-01,1.034050345607566257e+00,9.356783931474611446e-03
1.844230402888287212e-01,1.037306050698170612e+00,1.271555094994158801e-02
1.856642030211842487e-01,1.031733946944317637e+00,7.216720640432351501e-03
1.862520138365834077e-01,1.013189924249023210e+00,1.129051771217229154e-02
1.867932541445642691e-01,1.019200188056464951e+00,5.245202662797736858e-03
1.895159375151982406e-01,1.029145695363661961e+00,4.893745612279181041e-03
1.895964659874418423e-01,1.012024516869616253e+00,1.222127808891945375e-02
1.899015181719292400e-01,1.031352238996162907e+00,7.129984301723880924e-03
1.917681844836096605e-01,1.021667214001056534e+00,2.403253981581350215e-03
1.928910045446733390e-01,1.020224573779617616e+00,3.748208075495975192e-03
1.943905731109442092e-01,1.030944478278082554e+00,7.109599682034914957e-03
1.947480155888783315e-01,1.028243389565203669e+00,4.442633114860397754e-03
1.947620927860486129e-01,1.020189741123033844e+00,3.609661658190799292e-03
1.955096227767436634e-01,1.035319749254068888e+00,1.159329803364248131e-02
1.955847840897196876e-01,1.012908366994661025e+00,1.081063327599897372e-02
1.962031424565437998e-01,1.029816254240841555e+00,6.159356069442637784e-03
1.966832819535632160e-01,1.029538704687651407e+00,5.931012579683837653e-03
1.970208098626344828e-01,1.020477122353363519e+00,3.095464393139903039e-03
1.979356832121336174e-01,1.026736632754478240e+00,3.261330222421179783e-03
1.986165881633793484e-01,1.010889747171979991e+00,1.251113576385302906e-02
2.001744485715397648e-01,1.032464451571117214e+00,9.240270192069010083e-03
2.015008599383364407e-01,1.021217692962531620e+00,1.849021364429890299e-03
2.018811777994687917e-01,1.017793149952261000e+00,5.227230205190395301e-03
2.022863857422242395e-01,1.033460527361837356e+00,1.049009225836889346e-02
2.035504693146319433e-01,1.015767368895507339e+00,7.043436905427592418e-03
2.056590260891896227e-01,1.008447135664577665e+00,1.408461296363559649e-02
2.057795229794237013e-01,1.006949029994382849e+00,1.556629173523903752e-02
2.082103402157455818e-01,1.028233064018525100e+00,6.060099513456396539e-03
2.082235422511787837e-01,1.009366754818491696e+00,1.280429352496283146e-02
2.114577686913428067e-01,1.039231315895758456e+00,1.754794181984364529e-02
2.114984688183093597e-01,1.000857713090692158e+00,2.081929407883722008e-02
2.119498510627989551e-01,1.038570579282751316e+00,1.696456368290038402e-02
2.139145428640613078e-01,1.023399123889383144e+00,2.110174672026184084e-03
2.153021276348942026e-01,1.020090056367785714e+00,9.671311187039239492e-04
2.153827404157090397e-01,1.015594334782762731e+00,5.449190868089497444e-03
2.155424585204364085e-01,1.025007754834482254e+00,3.991361143520708900e-03
2.162854018547102353e-01,1.020512728809133352e+00,3.763470242484836669e-04
2.164780310174123645e-01,1.031888786192921570e+00,1.103301882016521560e-02
2.195947079606312968e-01,1.021442279199359815e+00,1.142276486620396551e-03
2.196687703667984382e-01,1.021789431355170308e+00,1.503017614618775951e-03
2.205047705085072529e-01,1.016495686470274773e+00,3.636122122138558694e-03
2.242315434312424083e-01,1.018846359764356446e+00,5.694562372106745825e-04
2.245732913446808476e-01,1.022426020957744708e+00,3.078017688920591747e-03
2.252804685926258488e-01,1.002104863039131377e+00,1.710168392656625722e-02
2.252922342096989050e-01,1.005722326415545487e+00,1.348185422105713065e-02
2.258425162007581255e-01,1.026525679459127094e+00,7.432640940227150383e-03
2.264183620289578203e-01,1.020684410075183735e+00,1.708654381279418617e-03
2.266931835948874374e-01,1.017079598631568826e+00,1.839833363526791271e-03
2.284557300118539303e-01,1.018737208558112561e+00,1.843393306539315877e-04
2.325022025580424367e-01,1.021152997291131737e+00,3.475817053616710433e-03
2.353339348854167623e-01,1.011639455210477490e+00,5.397596803093615211e-03
2.398484087111084628e-01,1.008189218328311210e+00,7.783047254023126721e-03
2.414934294846707852e-01,1.017529762012038264e+00,1.958452550976815670e-03
2.417946924047730262e-01,1.005713426127339272e+00,9.783727776150320105e-03
2.422800620802562088e-01,1.019459741489811000e+00,4.082527557144718239e-03
2.452128484765894179e-01,9.976146451572290852e-01,1.702583604237840539e-02
2.470633769449046557e-01,1.024456878697278750e+00,1.029155637325643649e-02
2.473485692399775004e-01,1.018817380819666552e+00,4.725974824130430539e-03
2.476429208909457502e-01,1.016575223292818020e+00,2.560297343138756565e-03
2.477888322402461707e-01,1.023803853158424149e+00,9.826909839455139073e-03
2.494792436395644186e-01,1.030188258921466149e+00,1.665474444462576586e-02
2.499064077299103515e-01,1.023564186925848052e+00,1.014370065018130491e-02
2.501684636242813564e-01,9.949422120216145915e-01,1.840874231331645489e-02
2.504315107287502506e-01,1.000485244121425810e+00,1.279576966735701538e-02
2.523128508188642316e-01,1.006528421402550721e+00,6.248185776956788687e-03
2.539055415106308278e-01,1.012604908068074794e+00,2.609105021083378659e-04
2.543467549680519246e-01,1.017399862512140984e+00,5.176590204691230122e-03
2.546314221508934050e-01,1.004887743604403694e+00,7.257438131534656167e-03
2.553658820133539731e-01,1.013810655281852213e+00,1.867667644770783361e-03
2.555450021865889321e-01,1.004339692219522018e+00,7.553829323533226003e-03
2.568491303103646040e-01,1.005416392913334622e+00,6.115178029919482450e-03
2.571085682770175573e-01,9.973925825451946947e-01,1.406661096848222346e-02
2.584656548435024792e-01,1.001846296905151590e+00,9.232332461109042654e-03
2.584798323695861599e-01,9.975577903455549178e-01,1.351684605616333690e-02
2.586004296880383135e-01,1.001281924591801431e+00,9.758732529773326766e-03
2.587361246045031260e-01,1.021538811622952458e+00,1.053641796607839541e-02
2.610803378533335106e-01,1.000842425304984129e+00,9.493988888319430247e-03
2.614106375316074260e-01,1.036565664016750432e+00,2.632382064837390789e-02
2.647969838413429811e-01,1.014195563405534628e+00,4.933179008808892194e-03
2.660391601813931750e-01,1.010747162512956931e+00,1.848361236948739030e-03
2.678236987708331185e-01,9.997891194494175071e-01,8.583577801812136004e-03
2.683056115949823406e-01,1.015232989075999681e+00,7.003098794089913752e-03
2.688003008260680948e-01,1.002326605089776557e+00,5.756378262377739689e-03
2.691205072970552781e-01,1.009207823499452372e+00,1.220098146453614399e-03
2.696661605269131678e-01,1.033425947600152162e+00,2.560084538268794785e-02
2.704896787893752430e-01,1.006618372719119581e+00,9.605989972464987117e-04
2.715639653401499265e-01,1.018749409665327343e+00,1.149273326285675870e-02
2.722088366183186281e-01,1.000030806188083599e+00,7.031764251258874193e-03
2.723088236921787919e-01,1.006682547617903989e+00,3.498849049696169979e-04
2.730150493066566542e-01,1.024527256271745568e+00,1.770800635635510004e-02
2.753434579877026556e-01,9.998430084020756281e-01,6.269670577877674289e-03
2.756544301204175706e-01,1.024142388633455525e+00,1.812448557996928708e-02
2.767662866781702702e-01,1.012755816981553592e+00,7.077519354554754477e-03
2.773199210378727297e-01,9.998841102672486603e-01,5.624667758942676794e-03
2.773642405274763245e-01,1.011819273412829956e+00,6.324077390555209698e-03
2.774593555700360925e-01,1.015191586128929124e+00,9.725544496267298986e-03
2.778751536146329970e-01,1.011556600898767755e+00,6.218099622171964491e-03
2.781575016346897744e-01,9.895495643884446579e-01,1.570224719890456547e-02
2.788640305206383507e-01,9.977632260048998614e-01,7.271371758248685625e-03
2.871432537503576521e-01,9.999890752084383827e-01,2.475186355515047402e-03
2.877098713769294935e-01,1.001542725011530743e+00,7.443342910004629087e-04
2.881172657070930621e-01,1.008366300847801877e+00,6.206720975506780161e-03
2.889177849563507872e-01,1.003685934373947930e+00,1.777010009332538306e-03
2.897593962309396032e-01,9.882917508589563749e-01,1.335344358710101320e-02
2.899286279103953090e-01,1.005394118822068306e+00,3.801978510059632246e-03
2.921255779999132329e-01,1.007008687401880653e+00,6.105857452838231447e-03
2.924026104946142457e-01,1.006413753578832893e+00,5.597904479310398564e-03
2.925937077222940941e-01,1.011563651072097336e+00,1.080780725554621874e-02
2.931895173437618629e-01,1.008907952379637596e+00,8.339221545489040183e-03
2.950335682207283483e-01,1.004581255025033704e+00,4.591800792284366634e-03
2.969205727705169773e-01,9.986950357278316925e-01,7.016571145864702571e-04
2.974976114674818817e-01,9.826058716975946128e-01,1.660960933515991458e-02
2.978670835767072145e-01,1.003395656175995576e+00,4.296182191325858754e-03
2.988994297872257233e-01,1.000852325070087812e+00,2.076876871631111541e-03
2.989264502737951634e-01,1.001482758094341952e+00,2.715788371953734535e-03
2.992630349715001969e-01,9.858938827974891295e-01,1.276748575820309435e-02
3.015777158036113681e-01,9.871253365453668271e-01,1.081056540408262441e-02
3.023529238004588615e-01,1.008224824982295154e+00,1.053152853332903552e-02
3.024785664748764757e-01,9.972584443705437840e-01,3.955515385665504141e-04
3.040232459440196378e-01,1.003986341199819110e+00,6.815006973726243922e-03
3.052195957410976934e-01,9.970814208937243128e-01,2.831837613046117477e-04
3.058668423855154250e-01,9.968942426051371486e-01,2.975613949574518950e-04
3.072850066144989789e-01,1.005538701233422927e+00,9.382838059759977464e-03
3.073101054927208642e-01,9.909876248115848663e-01,5.160447282173739533e-03
3.103500933948378782e-01,9.961686836416612234e-01,9.612077694098336436e-04
3.105588221858777143e-01,9.905203816389825944e-01,4.622752887050425238e-03
3.120248151013708116e-01,9.903472415567307063e-01,4.344962274323156161e-03
3.134953577322493468e-01,9.911499622861857928e-01,3.091721234686393982e-03
3.148291554489967004e-01,9.960560910069592433e-01,2.221337716337128381e-03
3.155624525640038369e-01,9.888242749855762348e-01,4.787486216634773140e-03
3.157017425753079198e-01,1.006127025770573669e+00,1.255756125573520739e-02
3.175424933324456633e-01,9.840663307140870009e-01,8.946073022195039776e-03
3.186143475067704234e-01,9.908210186295437483e-01,1.868716441613590398e-03
3.189194710962087731e-01,9.882008106998753094e-01,4.397310582741749581e-03
3.197872413561526628e-01,1.006807950231634941e+00,1.446977884353732938e-02
3.198970610720321961e-01,9.942708857847162296e-01,1.965547765115746148e-03
3.201864913859362449e-01,1.002537321304518336e+00,1.031844539468634858e-02
3.203335735654757599e-01,9.773193733919465220e-01,1.485560373036971978e-02
3.207839389376804240e-01,9.947112286539384618e-01,2.670502658692588266e-03
3.208503850408609415e-01,1.000917248257090275e+00,8.896307956234370332e-03
3.235733905180661063e-01,9.920378922321881898e-01,8.228398927542418572e-04
3.236590341351630595e-01,1.001844671327607017e+00,1.065480375065351246e-02
3.266543383876218121e-01,9.851427963696448575e-01,5.172884501003722005e-03
3.273531034307072263e-01,1.004207147411458667e+00,1.409347440185579857e-02
3.274624658818731104e-01,1.013071106953280509e+00,2.298898123619250167e-02
3.275213039793676284e-01,9.864367750984350813e-01,3.628385604396590532e-03
3.286553394727804722e-01,9.852842268428050332e-01,4.455025214007718275e-03
3.288567720251033277e-01,1.004215423491840342e+00,1.453384477117701003e-02
3.291902472071673857e-01,1.005381966445531905e+00,1.579572145730712487e-02
3.297047517726324761e-01,9.842109177130857756e-01,5.228600271532683405e-03
3.301986390362181556e-01,9.850972176676252579e-01,4.201868170958572915e-03
3.302053326288952873e-01,9.864793393093841400e-01,2.817846088605072217e-03
3.304744750483940008e-01,9.757763284244327373e-01,1.344450511034277033e-02
3.305086844309242933e-01,9.800246181703058390e-01,9.186519464841983243e-03
3.306064942228255088e-01,9.791420189319715028e-01,1.004140766752067808e-02
3.317852380814928503e-01,9.811727916816029849e-01,7.677975651041284329e-03
3.319715831864554767e-01,9.884515511230596019e-01,3.468488738678117953e-04
3.333669430494554664e-01,9.907503902310346167e-01,2.342147325365207585e-03
3.342956143689723714e-01,1.003655549627238575e+00,1.550500492814076842e-02
3.365898373484126349e-01,9.775373683604295927e-01,9.983540407387910681e-03
3.398907771778735265e-01,9.964765384482932031e-01,9.843223984765838222e-03
3.400222027249598655e-01,9.844585528555459542e-01,2.139888442255089701e-03
3.411514969475325509e-01,9.858056675613823261e-01,4.946370965243294645e-04
3.416301001186405895e-01,9.929229760167084251e-01,6.748194921666037654e-03
3.440367999807892874e-01,9.743240260000786135e-01,1.122722021562298604e-02
3.450129746822796495e-01,9.891261687020019844e-01,3.824097461840506203e-03
3.454140839299177923e-01,9.868648465423506266e-01,1.664522082130560909e-03
3.456515576441829829e-01,9.900647757230989221e-01,4.924512640081491095e-03
3.486908838360770480e-01,9.872751184074557429e-01,2.891686439078181015e-03
3.490282235714737835e-01,1.008853815960957689e+00,2.455300139910894172e-02
3.492212813528214888e-01,9.778762600381442072e-01,6.377399842513159674e-03
3.496118179467022635e-01,9.788485847748360502e-01,5.309969550018176290e-03
3.498597341545049977e-01,9.778669730161235751e-01,6.231405264247643488e-03
3.511590745756922871e-01,9.782307592214630754e-01,5.554771191602546343e-03
3.512314034308066102e-01,9.773943704511486308e-01,6.373871273065176944e-03
3.518623916826029152e-01,9.955081529010826324e-01,1.189016531107551893e-02
3.521212720720302558e-01,9.977616815924121862e-01,1.420504247989854904e-02
3.524023051302195286e-01,9.777827750609919821e-01,5.707462937494763196e-03
3.530909063955087746e-01,9.750048549878701509e-01,8.323555731042287312e-03
3.535237467169026759e-01,9.879414832284272308e-01,4.714155563864040784e-03
3.565317538680514708e-01,9.770164928266212856e-01,5.522230442809712876e-03
3.567832210224048950e-01,9.888115911189738760e-01,6.329318177555108213e-03
3.570568673703509166e-01,9.844502726993734631e-01,2.029230208512997156e-03
3.584564466003248295e-01,9.669537001591949066e-01,1.515744114997231995e-02
3.592924772278268675e-01,9.974037087449919570e-01,1.547505201330061711e-02
3.601197432413173471e-01,9.997088243597461732e-01,1.795877673095521918e-02
3.614411724097890133e-01,9.753409564131289011e-01,6.127886904843862087e-03
3.631933494302950205e-01,9.772268384957800702e-01,3.877015599359841420e-03
3.638070026901750742e-01,9.838368307039206950e-01,2.858653907249049820e-03
3.642943937011415834e-01,9.842237278136746204e-01,3.344567899870250043e-03
3.650211431351138014e-01,9.873182827782134297e-01,6.585442726728304649e-03
3.665924232964051788e-01,1.000523981291755460e+00,2.010204538766349747e-02
3.666112781923674957e-01,9.786487782510143729e-01,1.769472274940493998e-03
3.679693957641100299e-01,9.721726511590690345e-01,7.982972445384537916e-03
3.688899154150173665e-01,9.661875861190369896e-01,1.379319228014527256e-02
3.692967813940717381e-01,9.725950024262337568e-01,7.309300399419190776e-03
3.699458816361319569e-01,9.794520339977690337e-01,3.312697287379709303e-04
3.701299843262315648e-01,9.976947863011128570e-01,1.794557863517787580e-02
3.714395864304819161e-01,9.743333031639926922e-01,5.176112990361714586e-03
3.721417250205414362e-01,9.816206204287913906e-01,2.237879516388984868e-03
3.741542671630441186e-01,9.788615787765798659e-01,1.642289607275207453e-04
3.742811473288678581e-01,9.908874811222930790e-01,1.188393273448084056e-02
3.745259089020329668e-01,1.004229990279903229e+00,2.526932425873621574e-02
3.754797163513649005e-01,9.734853635665899896e-01,5.308687729203206800e-03
3.755718738979461069e-01,9.738835781821125748e-01,4.894394425182221724e-03
3.765618924497915465e-01,9.890465961914028936e-01,1.044160877069072110e-02
3.768759793916456324e-01,9.853687686919636590e-01,6.818914896263114644e-03
3.809463316292035495e-01,9.962470619135007643e-01,1.846707325736033495e-02
3.821411861891672590e-01,9.833453001167272722e-01,5.839281853259639145e-03
3.822806078928090434e-01,9.738784520110753684e-01,3.592920907870595423e-03
3.835773328787757119e-01,9.830191278468368710e-01,5.906548306923093024e-03
3.846500075724620382e-01,9.878364567204666047e-01,1.108703580582907737e-02
3.846833604032054987e-01,9.849417170288210510e-01,8.204821811973640397e-03
3.858782068395060216e-01,9.812988509777007540e-01,5.072740311072977334e-03
3.863960650462219260e-01,9.866269057388337149e-01,1.066674689589153929e-02
3.872646201973612978e-01,9.871299892801194131e-01,1.169295590445672793e-02
3.877931830283309900e-01,9.888840553273099410e-01,1.382158991037527214e-02
3.886326805011085517e-01,9.808483783595216554e-01,6.487098875896426739e-03
3.896204404099480323e-01,9.716613755816713160e-01,1.671180803168543583e-03
3.896590044172775213e-01,9.747543494423873689e-01,1.467136864333228432e-03
3.897302201579972980e-01,9.852674525678363215e-01,1.206508966508356914e-02
3.900456165873803505e-01,9.646392766646681993e-01,8.169356709872361427e-03
3.907746393061514167e-01,9.754631897671679486e-01,3.686733088729011749e-03
3.918083043752342842e-01,9.660388263881203308e-01,3.933388123273606936e-03
3.934747126470858891e-01,9.662824528516821276e-01,2.874482293481748813e-04
3.939947418438644045e-01,9.772072640178481873e-01,1.278451862607298678e-02
3.946525655536985422e-01,9.640784536052492415e-01,1.910990680199033381e-03
3.950883666050745147e-01,9.609585714808547285e-01,4.643654815614881178e-04
3.953396504169488512e-01,9.458611741956567398e-01,1.359856140979919317e-02
3.957915672457825718e-01,9.649259961882199477e-01,7.462535660272206876e-03
3.958689967790680608e-01,9.635580644696657426e-01,6.454841811410753916e-03
3.972509988298750239e-01,9.713266527363546565e-01,2.163254723305460189e-02
3.978792258583729868e-01,9.425776010530707572e-01,3.077782349530008496e-03
3.979619614625806712e-01,9.472810949982334305e-01,2.191503276639389809e-03
4.008554648514761620e-01,9.222129636161356947e-01,2.493836837107552690e-03
4.011057602765550900e-01,9.327446691079097629e-01,1.577453279763474381e-02
4.022159247882397537e-01,9.026759215043655971e-01,9.529553238695209500e-04
4.031401901900225626e-01,8.938563370929525354e-01,2.790215257703392449e-03
4.041089634360033322e-01,8.825571527492140911e-01,6.078965097165392462e-03
4.043109991974001005e-01,8.751220001614375965e-01,1.866091231563581088e-03
4.058379287736429974e-01,8.425354669771263350e-01,4.464336145505282474e-03
4.061788715243429548e-01,8.426486545363635061e-01,1.940899928983075848e-03
4.061810449868885620e-01,8.514034972441671956e-01,1.073631749859772083e-02
4.086642155702945312e-01,7.808965313877505032e-01,1.026515299411060247e-02
4.088543736153658070e-01,7.885056380599919645e-01,1.329696741468759874e-03
4.092020494561433575e-01,7.728470081819805992e-01,7.001208149391732576e-03
4.125530732997381156e-01,7.218160098211715558e-01,1.195046628924842542e-02
4.125564170575869438e-01,6.945675353274951558e-01,1.523186904783774796e-02
4.137476770424731720e-01,6.816275623740157830e-01,5.589218472715883762e-03
4.151989847084263108e-01,6.669170444921680430e-01,3.772118750645208837e-03
4.153107905054465032e-01,6.771389462410878357e-01,1.565524029234340378e-02
4.174679399930408819e-01,6.353970469732410642e-01,6.575026107298780412e-04
4.205328914287482789e-01,6.199451658660359854e-01,5.551995266931984002e-03
4.207583792308381421e-01,6.448177535180298348e-01,1.881157069440590052e-02
4.218219496093671417e-01,6.162875959274519699e-01,1.448013900416244074e-02
4.249960034412030296e-01,6.441255743797299482e-01,2.198805956620081964e-02
4.258225306832326140e-01,6.840394229232689138e-01,4.400144500533323920e-03
4.268065452153486650e-01,6.924412478988699604e-01,5.020542243526111836e-03
4.277995104241752999e-01,7.066981361166498887e-01,1.021232817130713309e-02
4.297393734972037027e-01,7.644533690122381486e-01,7.083564472993533756e-03
4.302158929527830633e-01,7.699403918343381559e-01,2.438007137711988362e-03
4.318212813928143934e-01,7.956059422419033966e-01,5.640786307367283599e-03
4.335474203561310302e-01,8.227503453082801732e-01,1.280304398670894378e-02
4.347881751143577445e-01,8.668845907639615156e-01,8.724573282801446547e-03
4.352777103295282224e-01,8.730111180369340973e-01,6.502011779586609926e-03
4.360762437563042715e-01,8.783863094093453672e-01,9.917586377938291710e-04
4.363272968874195579e-01,9.016920375426734635e-01,1.846636996047665985e-02
4.366884379004210004e-01,8.778899189168346551e-01,1.070084766326152674e-02
4.369318175719071329e-01,8.768373746445556893e-01,1.525525170924738917e-02
4.377922098554649644e-01,8.968144610709083420e-01,6.919080698812444738e-03
4.387665659972482812e-01,9.150757777181004471e-01,4.558601635549780354e-04
4.406041289993861687e-01,9.363668519232994925e-01,2.433394493226918257e-03
4.409052559708047658e-01,9.340839958560763767e-01,2.412360578563298944e-03
4.409954714908275175e-01,9.407612482077672977e-01,3.520553965142968200e-03
4.411232381265270952e-01,9.257612017638482405e-01,1.251539424190444005e-02
4.412966269997511404e-01,9.540862004919651307e-01,1.443764604073259454e-02
4.440639397410131028e-01,9.559652723797928964e-01,8.215117839256880650e-04
4.453056297472374192e-01,9.731863377994390829e-01,1.117295831588127619e-02
4.476900328251406380e-01,9.723551418598792573e-01,3.427253463777041407e-03
4.480783389296274510e-01,9.743141702850658392e-01,4.567532191537839424e-03
4.501426890130090230e-01,9.787449571596963382e-01,5.697672802322039515e-03
4.504197813684565066e-01,9.778564887916071369e-01,4.477085600173149466e-03
4.506760365779520772e-01,9.800946711460837291e-01,6.427227598675438851e-03
4.515764952759346862e-01,9.878409595871453508e-01,1.329152530132431467e-02
4.522908054775667264e-01,9.770903807403664709e-01,1.965211697014701293e-03
4.541226388179367968e-01,9.833165579269734780e-01,7.090037575885122997e-03
4.549922122569171057e-01,9.757132137772001057e-01,8.973569428722672197e-04
4.558196913007175333e-01,9.913185949511916784e-01,1.440117215449472805e-02
4.559317350022854543e-01,9.701914022761876089e-01,6.763923020592697496e-03
4.573377912072048579e-01,9.953824558238465459e-01,1.800940432910815708e-02
4.599909740848306949e-01,9.775715510468486746e-01,4.015795064434341173e-04
4.617303034141471141e-01,9.639937237941960113e-01,1.430775102118048148e-02
4.653252180907246904e-01,9.802156603706259075e-01,1.281044149107892762e-03
4.671799174571886759e-01,9.724509807119039451e-01,6.810516574748808408e-03
4.673014663536561031e-01,9.876895798166958063e-01,8.406435489887240445e-03
4.678176489956884510e-01,9.728492094705070148e-01,6.526239793023909212e-03
4.685059863669274183e-01,9.750377170929206416e-01,4.461834332147797573e-03
4.756887055204293002e-01,9.619803318636049871e-01,1.889540730945531155e-02
4.764914012423997480e-01,9.765160870428870599e-01,4.523063192490767159e-03
4.772212846164732847e-01,9.569506128219512631e-01,2.423879326628956832e-02
4.779237642484442938e-01,9.654964824625055231e-01,1.583902823485723241e-02
4.779447043842250942e-01,9.889440348045993590e-01,7.604146561442973705e-03
4.787019062268991210e-01,9.893570474556677707e-01,7.858001586508322686e-03
4.800869369814194654e-01,9.860490621350850304e-01,4.254575617849647336e-03
4.815961778183308617e-01,9.724529327153680347e-01,9.669761431292129422e-03
4.820246096952841564e-01,9.817399262515343894e-01,4.771135614197985464e-04
4.833910764932562998e-01,9.824853559685582383e-01,3.602539090568404454e-05
4.851982379646441190e-01,9.713481272305315439e-01,1.158364689192542714e-02
4.870792923045244027e-01,9.984022762363660153e-01,1.503398301767150565e-02
4.872466881016144225e-01,9.921812160335472530e-01,8.773622905756714441e-03
4.902397618437467353e-01,9.819128684341251745e-01,2.209641738296639572e-03
4.904832304937344345e-01,9.844505243763839175e-01,2.688583899453077805e-04
4.909001254914666657e-01,9.863671309842811930e-01,2.083828079475524928e-03
4.927052305427758183e-01,9.643109711792013927e-01,2.041734868424290722e-02
4.933229818546012169e-01,9.824106581047695741e-01,2.471773825205969121e-03
4.934194303793145719e-01,9.780867331784683927e-01,6.819842479977985747e-03
4.935807597529775492e-01,9.749308102984846069e-01,1.001620009894915557e-02
4.938227410215682012e-01,9.821967723124866989e-01,2.811002928859549117e-03
4.947687924664222470e-01,1.003223532317089273e+00,1.797686526849522765e-02
4.986074520142779187e-01,9.926454504347584917e-01,6.408428612670098549e-03
4.989528323826289968e-01,9.806159432229288875e-01,5.711789897827968324e-03
4.994488816532560715e-01,9.921842943191971909e-01,5.725827813561586328e-03
